DEVICE;TYPEID;M;N;K;S;GFLOPS;BS;BM;BN;BK;WS;WG;LU;NZ;AL;TB;TC;AP;AA;AB;AC
Intel(R) Data Center GPU Max 1550 [0x0bd5];3;1;1;1;30000;7.3;4;1;1;1;1;-2;-1;0;0;0;1;0;0;2;0;0
Intel(R) Data Center GPU Max 1550 [0x0bd5];3;2;2;2;30000;57.2;4;2;1;2;2;0;0;0;0;0;1;0;0;2;0;0
Intel(R) Data Center GPU Max 1550 [0x0bd5];3;3;3;1;30000;62.1;10;3;1;1;3;1;0;0;0;0;1;0;0;2;0;0
Intel(R) Data Center GPU Max 1550 [0x0bd5];3;3;3;3;30000;178.4;10;3;1;1;1;-1;0;0;0;0;1;0;2;2;0;0
Intel(R) Data Center GPU Max 1550 [0x0bd5];3;4;4;4;30000;338.8;10;4;1;1;4;1;-1;0;0;0;1;0;2;2;0;0
Intel(R) Data Center GPU Max 1550 [0x0bd5];3;4;4;5;30000;406.7;10;4;1;4;1;-2;0;0;1;0;1;0;2;2;0;0
Intel(R) Data Center GPU Max 1550 [0x0bd5];3;4;4;7;30000;471.0;10;4;1;1;1;-1;0;0;1;0;1;0;2;2;0;0
Intel(R) Data Center GPU Max 1550 [0x0bd5];3;4;4;9;30000;556.3;10;4;1;4;1;1;0;0;0;0;1;0;2;2;0;0
Intel(R) Data Center GPU Max 1550 [0x0bd5];3;4;4;10;30000;570.5;10;4;1;4;1;-1;0;0;0;0;1;0;0;2;0;0
Intel(R) Data Center GPU Max 1550 [0x0bd5];3;4;4;13;30000;651.2;8;4;1;1;1;-1;0;0;1;0;1;0;0;2;0;0
Intel(R) Data Center GPU Max 1550 [0x0bd5];3;4;4;15;30000;707.8;8;4;1;1;1;-2;0;0;1;0;1;0;0;2;0;0
Intel(R) Data Center GPU Max 1550 [0x0bd5];3;4;4;17;30000;750.2;8;4;1;1;1;-2;0;0;1;0;1;0;0;0;0;0
Intel(R) Data Center GPU Max 1550 [0x0bd5];3;4;4;25;30000;809.2;8;4;1;1;1;-2;0;0;0;0;1;0;0;0;0;0
Intel(R) Data Center GPU Max 1550 [0x0bd5];3;4;4;26;30000;858.1;8;4;1;1;1;-1;0;0;1;0;1;0;0;0;0;0
Intel(R) Data Center GPU Max 1550 [0x0bd5];3;4;4;28;30000;871.4;8;4;1;1;1;-1;0;0;1;0;1;0;0;2;0;0
Intel(R) Data Center GPU Max 1550 [0x0bd5];3;4;4;32;30000;897.4;8;4;1;1;1;1;0;0;1;0;1;0;0;2;0;0
Intel(R) Data Center GPU Max 1550 [0x0bd5];3;4;4;45;30000;889.5;8;4;1;1;4;-1;0;0;0;0;1;0;2;0;0;0
Intel(R) Data Center GPU Max 1550 [0x0bd5];3;4;5;4;30000;400.8;10;4;1;2;5;0;-1;0;0;0;1;0;0;0;0;0
Intel(R) Data Center GPU Max 1550 [0x0bd5];3;4;5;5;30000;475.7;10;4;1;2;5;-1;1;0;0;0;1;0;2;0;0;0
Intel(R) Data Center GPU Max 1550 [0x0bd5];3;4;5;7;30000;556.6;10;4;1;3;5;1;0;0;0;0;1;0;2;0;0;0
Intel(R) Data Center GPU Max 1550 [0x0bd5];3;4;5;9;30000;700.3;8;4;1;1;1;1;0;0;0;0;1;0;2;0;0;0
Intel(R) Data Center GPU Max 1550 [0x0bd5];3;4;5;13;30000;842.1;8;4;1;1;1;-2;0;0;0;0;1;0;2;2;0;0
Intel(R) Data Center GPU Max 1550 [0x0bd5];3;4;5;17;30000;806.8;9;4;1;1;5;-1;0;0;0;0;1;0;2;0;0;0
Intel(R) Data Center GPU Max 1550 [0x0bd5];3;4;5;25;30000;969.1;8;4;1;1;5;0;0;0;0;0;1;0;0;0;0;0
Intel(R) Data Center GPU Max 1550 [0x0bd5];3;4;5;26;30000;994.8;8;4;1;1;5;0;0;0;1;0;1;0;0;0;0;0
Intel(R) Data Center GPU Max 1550 [0x0bd5];3;4;5;28;30000;1007.7;8;4;1;1;5;-1;0;0;0;0;1;0;2;2;0;0
Intel(R) Data Center GPU Max 1550 [0x0bd5];3;4;5;32;30000;1030.4;8;4;1;1;5;-1;-2;0;0;0;1;0;2;2;0;0
Intel(R) Data Center GPU Max 1550 [0x0bd5];3;4;5;45;30000;1143.1;8;4;1;1;5;1;0;0;0;0;1;0;2;0;0;0
Intel(R) Data Center GPU Max 1550 [0x0bd5];3;4;7;4;30000;553.4;10;4;1;1;1;0;-1;0;0;0;1;0;0;0;0;0
Intel(R) Data Center GPU Max 1550 [0x0bd5];3;4;7;5;30000;659.3;10;4;1;2;1;0;1;0;0;0;1;0;2;2;0;0
Intel(R) Data Center GPU Max 1550 [0x0bd5];3;4;7;7;30000;766.1;10;4;1;3;1;0;-1;0;0;0;1;0;0;2;0;0
Intel(R) Data Center GPU Max 1550 [0x0bd5];3;4;7;9;30000;915.9;10;4;1;2;7;1;0;0;1;0;1;0;2;0;0;0
Intel(R) Data Center GPU Max 1550 [0x0bd5];3;4;7;13;30000;1007.9;10;4;1;1;7;-2;-2;0;0;0;1;0;2;2;0;0
Intel(R) Data Center GPU Max 1550 [0x0bd5];3;4;7;25;30000;1321.7;8;4;1;1;7;-1;-2;0;0;0;1;0;0;0;0;0
Intel(R) Data Center GPU Max 1550 [0x0bd5];3;4;7;26;30000;1332.6;8;4;1;1;7;-2;0;0;0;0;1;0;0;0;0;0
Intel(R) Data Center GPU Max 1550 [0x0bd5];3;4;7;28;30000;1324.6;8;4;1;1;7;0;0;0;0;0;1;0;0;2;0;0
Intel(R) Data Center GPU Max 1550 [0x0bd5];3;4;7;32;30000;1377.1;8;4;1;1;7;-1;-1;0;0;0;1;0;0;2;0;0
Intel(R) Data Center GPU Max 1550 [0x0bd5];3;4;7;45;30000;1529.3;8;4;1;1;7;1;0;0;0;0;1;0;2;0;0;0
Intel(R) Data Center GPU Max 1550 [0x0bd5];3;4;9;4;30000;618.4;11;4;1;3;1;0;0;0;0;0;1;0;2;2;0;0
Intel(R) Data Center GPU Max 1550 [0x0bd5];3;4;9;5;30000;738.1;11;4;1;2;9;-2;0;0;0;0;1;0;0;0;0;0
Intel(R) Data Center GPU Max 1550 [0x0bd5];3;4;9;7;30000;872.7;10;4;1;3;1;1;0;0;0;0;1;0;2;0;0;0
Intel(R) Data Center GPU Max 1550 [0x0bd5];3;4;9;9;30000;1020.4;11;4;1;2;1;-1;0;0;0;0;1;0;2;0;0;0
Intel(R) Data Center GPU Max 1550 [0x0bd5];3;4;9;13;30000;1143.9;10;4;1;1;1;1;0;0;0;0;1;0;0;2;0;0
Intel(R) Data Center GPU Max 1550 [0x0bd5];3;4;9;25;30000;1374.4;8;4;1;1;9;0;-2;0;0;0;1;0;2;0;0;0
Intel(R) Data Center GPU Max 1550 [0x0bd5];3;4;9;26;30000;1400.8;8;4;1;1;9;-1;0;0;0;0;1;0;0;0;0;0
Intel(R) Data Center GPU Max 1550 [0x0bd5];3;4;9;28;30000;1404.4;8;4;1;1;9;0;0;0;0;0;1;0;0;2;0;0
Intel(R) Data Center GPU Max 1550 [0x0bd5];3;4;9;32;30000;1445.6;8;4;1;1;9;0;-1;0;0;0;1;0;2;2;0;0
Intel(R) Data Center GPU Max 1550 [0x0bd5];3;4;9;45;30000;1498.9;8;4;1;1;9;1;0;0;0;0;1;0;2;0;0;0
Intel(R) Data Center GPU Max 1550 [0x0bd5];3;4;10;4;30000;685.6;15;4;1;2;10;-2;0;0;1;0;1;0;2;2;0;1
Intel(R) Data Center GPU Max 1550 [0x0bd5];3;4;10;10;30000;1211.8;10;4;1;2;1;-2;0;0;1;0;1;0;0;2;0;0
Intel(R) Data Center GPU Max 1550 [0x0bd5];3;4;10;15;30000;1340.7;8;4;1;1;10;-2;0;0;0;0;1;0;2;0;0;0
Intel(R) Data Center GPU Max 1550 [0x0bd5];3;4;13;4;30000;824.9;11;4;1;3;13;1;-2;0;0;0;1;0;2;0;0;0
Intel(R) Data Center GPU Max 1550 [0x0bd5];3;4;13;5;30000;986.6;12;4;1;1;13;1;-2;0;0;0;1;0;0;0;0;0
Intel(R) Data Center GPU Max 1550 [0x0bd5];3;4;13;7;30000;1170.8;11;4;1;1;1;1;0;0;1;0;1;0;0;0;0;0
Intel(R) Data Center GPU Max 1550 [0x0bd5];3;4;13;9;30000;1364.1;15;4;1;4;13;1;0;0;0;0;1;0;0;0;0;1
Intel(R) Data Center GPU Max 1550 [0x0bd5];3;4;13;13;30000;1535.5;15;4;1;1;13;-1;0;0;0;0;1;0;2;0;0;1
Intel(R) Data Center GPU Max 1550 [0x0bd5];3;4;13;17;30000;1633.7;15;4;1;1;13;1;0;0;1;0;1;0;0;2;0;1
Intel(R) Data Center GPU Max 1550 [0x0bd5];3;4;13;25;30000;1760.1;15;4;1;1;13;-2;0;0;0;0;1;0;0;2;0;1
Intel(R) Data Center GPU Max 1550 [0x0bd5];3;4;13;26;30000;1743.8;15;4;1;1;13;-1;0;0;1;0;1;0;0;2;0;1
Intel(R) Data Center GPU Max 1550 [0x0bd5];3;4;13;28;30000;1801.9;8;4;1;1;13;-2;0;0;0;0;1;0;0;0;0;0
Intel(R) Data Center GPU Max 1550 [0x0bd5];3;4;13;32;30000;1859.6;8;4;1;1;13;1;-1;0;0;0;1;0;0;2;0;0
Intel(R) Data Center GPU Max 1550 [0x0bd5];3;4;13;45;30000;1911.1;8;4;1;1;13;-1;-2;0;0;0;1;0;0;0;0;0
Intel(R) Data Center GPU Max 1550 [0x0bd5];3;4;15;4;30000;964.4;15;4;1;2;15;-2;0;0;1;0;1;0;0;2;0;1
Intel(R) Data Center GPU Max 1550 [0x0bd5];3;4;15;10;30000;1598.9;15;4;1;3;15;-1;0;0;1;0;1;0;0;2;0;1
Intel(R) Data Center GPU Max 1550 [0x0bd5];3;4;15;15;30000;1748.1;15;4;1;1;15;0;-1;0;0;0;1;0;0;2;0;1
Intel(R) Data Center GPU Max 1550 [0x0bd5];3;4;17;4;30000;972.0;12;4;1;2;1;-2;-1;0;0;0;1;0;2;0;0;0
Intel(R) Data Center GPU Max 1550 [0x0bd5];3;4;17;5;30000;1116.0;15;4;1;4;17;-2;0;0;1;0;1;0;0;0;0;0
Intel(R) Data Center GPU Max 1550 [0x0bd5];3;4;17;13;30000;1678.7;15;4;1;1;17;1;0;0;1;0;1;0;0;0;0;1
Intel(R) Data Center GPU Max 1550 [0x0bd5];3;4;17;17;30000;1751.9;15;4;1;1;17;1;0;0;1;0;1;0;0;0;0;1
Intel(R) Data Center GPU Max 1550 [0x0bd5];3;4;17;32;30000;1856.9;8;4;1;1;1;0;0;0;0;0;1;0;2;2;0;0
Intel(R) Data Center GPU Max 1550 [0x0bd5];3;4;25;4;30000;1231.9;15;4;1;3;1;0;-1;0;0;0;1;0;0;2;0;0
Intel(R) Data Center GPU Max 1550 [0x0bd5];3;4;25;5;30000;1407.7;15;4;1;3;1;-2;0;0;0;0;1;0;2;2;0;0
Intel(R) Data Center GPU Max 1550 [0x0bd5];3;4;25;7;30000;1647.1;15;4;1;2;25;0;0;0;0;0;1;0;0;2;0;1
Intel(R) Data Center GPU Max 1550 [0x0bd5];3;4;25;9;30000;1851.8;15;4;1;2;25;0;0;0;0;0;1;0;2;0;0;1
Intel(R) Data Center GPU Max 1550 [0x0bd5];3;4;25;13;30000;1976.7;15;4;1;1;25;-1;0;0;0;0;1;0;0;0;0;1
Intel(R) Data Center GPU Max 1550 [0x0bd5];3;4;25;25;30000;2113.6;15;4;1;1;25;-1;0;0;1;0;1;0;2;0;0;1
Intel(R) Data Center GPU Max 1550 [0x0bd5];3;4;25;26;30000;2126.8;15;4;1;1;25;-1;0;0;0;0;1;0;0;0;0;1
Intel(R) Data Center GPU Max 1550 [0x0bd5];3;4;25;28;30000;2109.0;15;4;1;1;25;0;-1;0;0;0;1;0;0;0;0;1
Intel(R) Data Center GPU Max 1550 [0x0bd5];3;4;25;32;30000;2079.4;15;4;1;1;25;0;-1;0;0;0;1;0;0;0;0;1
Intel(R) Data Center GPU Max 1550 [0x0bd5];3;4;25;45;30000;2070.1;15;4;1;1;25;0;-1;0;0;0;1;0;2;0;0;1
Intel(R) Data Center GPU Max 1550 [0x0bd5];3;4;26;4;30000;1313.2;15;4;1;3;1;-1;-1;0;0;0;1;0;0;0;0;0
Intel(R) Data Center GPU Max 1550 [0x0bd5];3;4;26;5;30000;1517.3;15;4;1;1;26;-1;0;0;0;0;1;0;2;2;0;0
Intel(R) Data Center GPU Max 1550 [0x0bd5];3;4;26;7;30000;1784.1;15;4;1;3;26;-2;-2;0;0;0;1;0;0;0;0;1
Intel(R) Data Center GPU Max 1550 [0x0bd5];3;4;26;9;30000;1983.3;15;4;1;2;26;0;0;0;0;0;1;0;2;2;0;1
Intel(R) Data Center GPU Max 1550 [0x0bd5];3;4;26;13;30000;2144.6;15;4;1;1;26;0;0;0;0;0;1;0;0;2;0;1
Intel(R) Data Center GPU Max 1550 [0x0bd5];3;4;26;25;30000;2219.3;15;4;1;1;26;0;0;0;0;0;1;0;0;0;0;1
Intel(R) Data Center GPU Max 1550 [0x0bd5];3;4;26;26;30000;2213.3;15;4;1;1;26;-1;0;0;0;0;1;0;2;0;0;1
Intel(R) Data Center GPU Max 1550 [0x0bd5];3;4;26;28;30000;2198.5;15;4;1;1;26;-2;0;0;0;0;1;0;2;2;0;1
Intel(R) Data Center GPU Max 1550 [0x0bd5];3;4;26;32;30000;2263.7;15;4;1;1;26;0;0;0;0;0;1;0;2;0;0;1
Intel(R) Data Center GPU Max 1550 [0x0bd5];3;4;26;45;30000;2227.2;8;4;1;1;26;-2;0;0;1;0;1;0;2;0;0;0
Intel(R) Data Center GPU Max 1550 [0x0bd5];3;4;28;4;30000;1457.5;15;4;1;4;1;1;-1;0;0;0;1;0;0;0;0;0
Intel(R) Data Center GPU Max 1550 [0x0bd5];3;4;28;5;30000;1679.6;15;4;1;1;28;-2;0;0;1;0;1;0;2;0;0;0
Intel(R) Data Center GPU Max 1550 [0x0bd5];3;4;28;7;30000;1956.3;15;4;1;3;28;-1;-1;0;0;0;1;0;0;2;0;1
Intel(R) Data Center GPU Max 1550 [0x0bd5];3;4;28;9;30000;2140.4;15;4;1;3;28;-1;0;0;0;0;1;0;2;0;0;1
Intel(R) Data Center GPU Max 1550 [0x0bd5];3;4;28;13;30000;2322.0;15;4;1;1;28;0;-1;0;0;0;1;0;2;2;0;1
Intel(R) Data Center GPU Max 1550 [0x0bd5];3;4;28;25;30000;2496.2;8;4;1;1;28;0;0;0;1;0;1;0;2;0;0;0
Intel(R) Data Center GPU Max 1550 [0x0bd5];3;4;28;26;30000;2514.3;15;4;1;1;28;-2;0;0;0;0;1;0;2;0;0;1
Intel(R) Data Center GPU Max 1550 [0x0bd5];3;4;28;28;30000;2537.4;15;4;1;1;28;-1;0;0;0;0;1;0;2;2;0;1
Intel(R) Data Center GPU Max 1550 [0x0bd5];3;4;28;32;30000;2507.9;15;4;1;1;28;0;0;0;1;0;1;0;2;0;0;1
Intel(R) Data Center GPU Max 1550 [0x0bd5];3;4;28;45;30000;2521.4;8;4;1;1;28;0;0;0;0;0;1;0;0;0;0;0
Intel(R) Data Center GPU Max 1550 [0x0bd5];3;4;32;4;30000;1489.7;15;4;1;3;1;1;0;0;0;0;1;0;0;0;0;0
Intel(R) Data Center GPU Max 1550 [0x0bd5];3;4;32;5;30000;1752.5;16;4;1;2;1;0;0;0;0;0;1;0;2;0;0;0
Intel(R) Data Center GPU Max 1550 [0x0bd5];3;4;32;7;30000;2029.9;15;4;1;4;32;1;0;0;0;0;1;0;0;2;0;0
Intel(R) Data Center GPU Max 1550 [0x0bd5];3;4;32;9;30000;2275.9;15;4;1;2;32;-1;-1;0;0;0;1;0;2;0;0;1
Intel(R) Data Center GPU Max 1550 [0x0bd5];3;4;32;13;30000;2473.0;15;4;1;1;32;0;0;0;1;0;1;0;0;2;0;1
Intel(R) Data Center GPU Max 1550 [0x0bd5];3;4;32;17;30000;2702.2;15;4;1;1;32;-2;-1;0;0;0;1;0;2;2;0;1
Intel(R) Data Center GPU Max 1550 [0x0bd5];3;4;32;25;30000;2740.4;15;4;1;1;32;1;-2;0;0;0;1;0;0;2;0;1
Intel(R) Data Center GPU Max 1550 [0x0bd5];3;4;32;26;30000;2772.1;15;4;1;1;32;-1;0;0;1;0;1;0;0;0;0;1
Intel(R) Data Center GPU Max 1550 [0x0bd5];3;4;32;28;30000;2754.3;15;4;1;4;32;0;0;0;1;0;1;0;0;2;0;1
Intel(R) Data Center GPU Max 1550 [0x0bd5];3;4;32;32;30000;2690.1;8;4;1;1;32;-1;0;0;0;0;1;0;0;0;0;1
Intel(R) Data Center GPU Max 1550 [0x0bd5];3;4;32;45;30000;2660.9;15;4;1;1;32;-1;0;0;0;0;1;0;0;0;0;1
Intel(R) Data Center GPU Max 1550 [0x0bd5];3;4;45;4;30000;1558.6;15;4;1;2;45;-2;-1;0;0;0;1;0;2;0;0;0
Intel(R) Data Center GPU Max 1550 [0x0bd5];3;4;45;5;30000;1667.3;15;4;1;2;45;0;-1;0;0;0;1;0;2;2;0;0
Intel(R) Data Center GPU Max 1550 [0x0bd5];3;4;45;7;30000;1722.0;15;4;1;3;45;0;-1;0;0;0;1;0;2;0;0;0
Intel(R) Data Center GPU Max 1550 [0x0bd5];3;4;45;9;30000;1915.2;15;4;1;4;45;-1;0;0;0;0;1;0;2;2;0;1
Intel(R) Data Center GPU Max 1550 [0x0bd5];3;4;45;13;30000;1821.5;7;4;1;1;45;0;-1;0;0;0;1;0;2;2;0;0
Intel(R) Data Center GPU Max 1550 [0x0bd5];3;4;45;25;30000;2154.0;7;4;1;1;45;1;0;0;0;0;1;0;0;0;0;1
Intel(R) Data Center GPU Max 1550 [0x0bd5];3;4;45;26;30000;2153.4;7;4;1;1;45;1;0;0;0;0;1;0;0;2;0;1
Intel(R) Data Center GPU Max 1550 [0x0bd5];3;4;45;28;30000;2167.0;7;4;1;1;45;-2;0;0;0;0;1;0;2;2;0;1
Intel(R) Data Center GPU Max 1550 [0x0bd5];3;4;45;32;30000;2191.6;6;4;1;1;45;1;0;0;0;0;1;0;0;0;0;1
Intel(R) Data Center GPU Max 1550 [0x0bd5];3;4;45;45;30000;2019.5;5;4;1;1;45;1;0;0;0;0;1;0;2;2;0;1
Intel(R) Data Center GPU Max 1550 [0x0bd5];3;5;4;4;30000;365.1;11;5;1;1;1;1;0;0;0;0;1;0;2;0;0;0
Intel(R) Data Center GPU Max 1550 [0x0bd5];3;5;4;5;30000;427.0;11;5;1;1;1;0;-1;0;0;0;1;0;0;0;0;0
Intel(R) Data Center GPU Max 1550 [0x0bd5];3;5;4;7;30000;527.5;8;5;1;1;1;1;0;0;0;0;1;0;2;0;0;0
Intel(R) Data Center GPU Max 1550 [0x0bd5];3;5;4;9;30000;556.6;10;5;1;1;1;0;-2;0;0;0;1;0;0;2;0;0
Intel(R) Data Center GPU Max 1550 [0x0bd5];3;5;4;13;30000;673.8;8;5;1;1;1;1;0;0;0;0;1;0;2;2;0;0
Intel(R) Data Center GPU Max 1550 [0x0bd5];3;5;4;17;30000;781.6;8;5;1;1;1;-1;0;0;0;0;1;0;0;0;0;0
Intel(R) Data Center GPU Max 1550 [0x0bd5];3;5;4;25;30000;938.5;8;5;1;1;1;1;0;0;0;0;1;0;0;0;0;0
Intel(R) Data Center GPU Max 1550 [0x0bd5];3;5;4;26;30000;928.5;8;5;1;1;5;1;0;0;0;0;1;0;0;0;0;0
Intel(R) Data Center GPU Max 1550 [0x0bd5];3;5;4;28;30000;457.3;8;5;1;4;5;-1;0;0;0;0;1;0;0;1;0;0
Intel(R) Data Center GPU Max 1550 [0x0bd5];3;5;4;32;30000;779.8;15;5;1;1;5;-2;0;0;0;0;1;0;0;2;0;1
Intel(R) Data Center GPU Max 1550 [0x0bd5];3;5;4;45;30000;992.0;8;5;1;1;5;-1;0;0;1;0;1;0;0;2;0;0
Intel(R) Data Center GPU Max 1550 [0x0bd5];3;5;5;4;30000;445.6;12;5;1;1;1;1;0;0;0;0;1;0;0;2;0;0
Intel(R) Data Center GPU Max 1550 [0x0bd5];3;5;5;5;30000;527.2;11;5;1;1;5;1;0;0;0;0;1;0;2;0;0;0
Intel(R) Data Center GPU Max 1550 [0x0bd5];3;5;5;7;30000;617.8;10;5;1;1;1;0;-1;0;0;0;1;0;2;2;0;0
Intel(R) Data Center GPU Max 1550 [0x0bd5];3;5;5;9;30000;705.7;15;5;1;1;5;-2;0;0;1;0;1;0;0;2;0;1
Intel(R) Data Center GPU Max 1550 [0x0bd5];3;5;5;13;30000;912.8;10;5;1;1;1;1;0;0;0;0;1;0;0;2;0;0
Intel(R) Data Center GPU Max 1550 [0x0bd5];3;5;5;16;30000;936.0;8;5;1;1;5;0;0;0;0;0;1;0;0;0;0;0
Intel(R) Data Center GPU Max 1550 [0x0bd5];3;5;5;17;30000;933.2;8;5;1;1;1;0;-2;0;0;0;1;0;2;0;0;0
Intel(R) Data Center GPU Max 1550 [0x0bd5];3;5;5;20;30000;1025.6;8;5;1;1;5;-1;0;0;1;0;1;0;2;0;0;0
Intel(R) Data Center GPU Max 1550 [0x0bd5];3;5;5;24;30000;1251.4;8;5;1;1;1;-2;0;0;0;0;1;0;0;0;0;0
Intel(R) Data Center GPU Max 1550 [0x0bd5];3;5;5;26;30000;1261.2;8;5;1;1;1;-2;0;0;0;0;1;0;0;0;0;0
Intel(R) Data Center GPU Max 1550 [0x0bd5];3;5;5;28;30000;1135.0;8;5;1;1;5;0;-2;0;0;0;1;0;2;0;0;0
Intel(R) Data Center GPU Max 1550 [0x0bd5];3;5;5;32;30000;1106.9;8;5;1;1;5;-1;-1;0;0;0;1;0;0;0;0;0
Intel(R) Data Center GPU Max 1550 [0x0bd5];3;5;6;20;30000;1237.5;8;5;1;1;6;1;0;0;0;0;1;0;2;0;0;0
Intel(R) Data Center GPU Max 1550 [0x0bd5];3;5;6;32;30000;1321.7;8;5;1;1;6;-1;0;0;0;0;1;0;2;0;0;0
Intel(R) Data Center GPU Max 1550 [0x0bd5];3;5;7;4;30000;601.4;11;5;1;1;1;1;-1;0;0;0;1;0;0;0;0;0
Intel(R) Data Center GPU Max 1550 [0x0bd5];3;5;7;5;30000;712.4;10;5;1;1;7;-2;-2;0;0;0;1;0;0;0;0;0
Intel(R) Data Center GPU Max 1550 [0x0bd5];3;5;7;7;30000;852.5;10;5;1;1;1;-2;-1;0;0;0;1;0;2;2;0;0
Intel(R) Data Center GPU Max 1550 [0x0bd5];3;5;7;9;30000;928.1;10;5;1;1;1;1;0;0;0;0;1;0;2;0;0;0
Intel(R) Data Center GPU Max 1550 [0x0bd5];3;5;7;13;30000;1116.1;8;5;1;1;1;-2;0;0;0;0;1;0;2;2;0;0
Intel(R) Data Center GPU Max 1550 [0x0bd5];3;5;9;4;30000;664.7;15;5;1;1;9;-1;-2;0;0;0;1;0;2;0;0;0
Intel(R) Data Center GPU Max 1550 [0x0bd5];3;5;9;5;30000;784.4;15;5;1;1;9;1;-2;0;0;0;1;0;2;0;0;0
Intel(R) Data Center GPU Max 1550 [0x0bd5];3;5;9;7;30000;936.0;11;5;1;1;1;0;-2;0;0;0;1;0;0;0;0;0
Intel(R) Data Center GPU Max 1550 [0x0bd5];3;5;9;9;30000;1090.7;15;5;1;1;9;0;-1;0;0;0;1;0;0;0;0;1
Intel(R) Data Center GPU Max 1550 [0x0bd5];3;5;13;4;30000;932.0;15;5;1;1;13;-1;-2;0;0;0;1;0;0;2;0;0
Intel(R) Data Center GPU Max 1550 [0x0bd5];3;5;13;5;30000;1081.1;15;5;1;1;1;0;-1;0;0;0;1;0;0;2;0;0
Intel(R) Data Center GPU Max 1550 [0x0bd5];3;5;13;7;30000;1296.2;15;5;1;1;13;0;-2;0;0;0;1;0;0;2;0;1
Intel(R) Data Center GPU Max 1550 [0x0bd5];3;5;13;13;30000;1720.8;15;5;1;1;13;-2;-2;0;0;0;1;0;2;2;0;1
Intel(R) Data Center GPU Max 1550 [0x0bd5];3;5;13;16;30000;1841.1;15;5;1;1;13;-1;-2;0;0;0;1;0;2;0;0;1
Intel(R) Data Center GPU Max 1550 [0x0bd5];3;5;13;17;30000;1868.8;15;5;1;1;13;1;-1;0;0;0;1;0;0;0;0;1
Intel(R) Data Center GPU Max 1550 [0x0bd5];3;5;13;20;30000;1967.0;15;5;1;1;13;0;0;0;0;0;1;0;2;2;0;1
Intel(R) Data Center GPU Max 1550 [0x0bd5];3;5;13;24;30000;1991.4;15;5;1;1;13;0;0;0;0;0;1;0;2;0;0;1
Intel(R) Data Center GPU Max 1550 [0x0bd5];3;5;13;26;30000;2016.0;8;5;1;1;1;-1;0;0;0;0;1;0;0;0;0;0
Intel(R) Data Center GPU Max 1550 [0x0bd5];3;5;13;32;30000;2037.3;15;5;1;1;13;0;-2;0;0;0;1;0;2;0;0;1
Intel(R) Data Center GPU Max 1550 [0x0bd5];3;5;13;45;30000;2025.7;8;5;1;1;13;1;-2;0;0;0;1;0;0;0;0;0
Intel(R) Data Center GPU Max 1550 [0x0bd5];3;5;14;28;30000;2130.6;8;5;1;1;14;0;-2;0;0;0;1;0;2;0;0;0
Intel(R) Data Center GPU Max 1550 [0x0bd5];3;5;16;5;30000;1287.1;15;5;1;1;1;1;-2;0;0;0;1;0;2;0;0;0
Intel(R) Data Center GPU Max 1550 [0x0bd5];3;5;16;13;30000;2129.7;15;5;1;1;16;1;-1;0;0;0;1;0;2;2;0;1
Intel(R) Data Center GPU Max 1550 [0x0bd5];3;5;16;16;30000;2291.8;15;5;1;1;16;-2;-2;0;0;0;1;0;2;2;0;1
Intel(R) Data Center GPU Max 1550 [0x0bd5];3;5;16;24;30000;2468.4;15;5;1;1;16;-2;-1;0;0;0;1;0;0;2;0;1
Intel(R) Data Center GPU Max 1550 [0x0bd5];3;5;16;26;30000;2451.6;15;5;1;1;16;-2;-2;0;0;0;1;0;0;0;0;1
Intel(R) Data Center GPU Max 1550 [0x0bd5];3;5;17;4;30000;1043.4;15;5;1;1;1;-1;0;0;0;0;1;0;2;2;0;0
Intel(R) Data Center GPU Max 1550 [0x0bd5];3;5;17;5;30000;1217.5;15;5;1;1;1;0;-2;0;0;0;1;0;0;2;0;0
Intel(R) Data Center GPU Max 1550 [0x0bd5];3;5;17;13;30000;1885.7;15;5;1;1;17;0;-2;0;0;0;1;0;0;2;0;1
Intel(R) Data Center GPU Max 1550 [0x0bd5];3;5;17;17;30000;2040.6;15;5;1;1;17;0;-1;0;0;0;1;0;2;0;0;1
Intel(R) Data Center GPU Max 1550 [0x0bd5];3;5;17;32;30000;2147.0;15;5;1;1;17;0;-2;0;0;0;1;0;2;0;0;1
Intel(R) Data Center GPU Max 1550 [0x0bd5];3;5;20;5;30000;1477.9;15;5;1;1;20;0;-1;0;0;0;1;0;2;2;0;0
Intel(R) Data Center GPU Max 1550 [0x0bd5];3;5;20;6;30000;1608.4;15;5;1;1;20;0;-1;0;0;0;1;0;0;2;0;0
Intel(R) Data Center GPU Max 1550 [0x0bd5];3;5;20;13;30000;2294.8;15;5;1;1;20;0;0;0;0;0;1;0;0;0;0;1
Intel(R) Data Center GPU Max 1550 [0x0bd5];3;5;20;20;30000;2421.0;15;5;1;1;20;1;0;0;0;0;1;0;0;2;0;1
Intel(R) Data Center GPU Max 1550 [0x0bd5];3;5;20;32;30000;2623.2;15;5;1;1;20;0;-1;0;0;0;1;0;2;0;0;1
Intel(R) Data Center GPU Max 1550 [0x0bd5];3;5;24;5;30000;1532.1;20;5;1;1;1;0;-1;0;0;0;1;0;0;0;0;0
Intel(R) Data Center GPU Max 1550 [0x0bd5];3;5;24;13;30000;2277.3;15;5;1;1;1;0;0;0;0;0;1;0;2;2;0;0
Intel(R) Data Center GPU Max 1550 [0x0bd5];3;5;24;16;30000;2575.7;15;5;1;1;24;0;-2;0;0;0;1;0;0;2;0;1
Intel(R) Data Center GPU Max 1550 [0x0bd5];3;5;24;24;30000;2883.1;15;5;1;1;24;0;0;0;0;0;1;0;0;2;0;1
Intel(R) Data Center GPU Max 1550 [0x0bd5];3;5;24;26;30000;2909.7;15;5;1;1;24;0;-2;0;0;0;1;0;2;0;0;1
Intel(R) Data Center GPU Max 1550 [0x0bd5];3;5;24;32;30000;2987.1;15;5;1;1;24;1;0;0;0;0;1;0;2;0;0;1
Intel(R) Data Center GPU Max 1550 [0x0bd5];3;5;25;4;30000;1285.1;15;5;1;4;25;-2;-2;0;0;0;1;0;2;0;0;0
Intel(R) Data Center GPU Max 1550 [0x0bd5];3;5;25;5;30000;1454.1;15;5;1;5;25;1;0;0;0;0;1;0;0;0;0;0
Intel(R) Data Center GPU Max 1550 [0x0bd5];3;5;25;7;30000;1803.7;15;5;1;5;25;1;-2;0;0;0;1;0;2;0;0;1
Intel(R) Data Center GPU Max 1550 [0x0bd5];3;5;25;9;30000;1982.4;15;5;1;1;25;0;0;0;0;0;1;0;0;2;0;1
Intel(R) Data Center GPU Max 1550 [0x0bd5];3;5;25;13;30000;2183.5;15;5;1;1;25;1;0;0;0;0;1;0;0;2;0;1
Intel(R) Data Center GPU Max 1550 [0x0bd5];3;5;25;25;30000;2430.1;15;5;1;1;25;-2;0;0;0;0;1;0;2;2;0;1
Intel(R) Data Center GPU Max 1550 [0x0bd5];3;5;25;26;30000;2423.9;15;5;1;1;25;-1;0;0;0;0;1;0;2;0;0;1
Intel(R) Data Center GPU Max 1550 [0x0bd5];3;5;25;28;30000;2451.0;15;5;1;1;25;0;0;0;0;0;1;0;2;2;0;1
Intel(R) Data Center GPU Max 1550 [0x0bd5];3;5;25;32;30000;2479.6;15;5;1;1;25;-2;0;0;0;0;1;0;2;0;0;1
Intel(R) Data Center GPU Max 1550 [0x0bd5];3;5;25;45;30000;2475.6;15;5;1;1;25;0;0;0;0;0;1;0;2;0;0;1
Intel(R) Data Center GPU Max 1550 [0x0bd5];3;5;26;4;30000;1425.8;15;5;1;1;26;0;-2;0;0;0;1;0;2;0;0;0
Intel(R) Data Center GPU Max 1550 [0x0bd5];3;5;26;5;30000;1635.4;15;5;1;1;1;0;-1;0;0;0;1;0;2;0;0;0
Intel(R) Data Center GPU Max 1550 [0x0bd5];3;5;26;7;30000;1924.6;15;5;1;1;26;0;-1;0;0;0;1;0;2;2;0;1
Intel(R) Data Center GPU Max 1550 [0x0bd5];3;5;26;9;30000;2110.8;15;5;1;1;26;1;0;0;0;0;1;0;2;2;0;1
Intel(R) Data Center GPU Max 1550 [0x0bd5];3;5;26;13;30000;2302.8;15;5;1;5;26;-2;-1;0;0;0;1;0;0;0;0;1
Intel(R) Data Center GPU Max 1550 [0x0bd5];3;5;26;16;30000;2457.2;15;5;1;1;26;0;-1;0;0;0;1;0;0;0;0;1
Intel(R) Data Center GPU Max 1550 [0x0bd5];3;5;26;24;30000;2585.8;15;5;1;1;26;1;0;0;0;0;1;0;2;2;0;1
Intel(R) Data Center GPU Max 1550 [0x0bd5];3;5;26;25;30000;2617.4;15;5;1;1;26;0;-1;0;0;0;1;0;0;2;0;1
Intel(R) Data Center GPU Max 1550 [0x0bd5];3;5;26;26;30000;2561.9;15;5;1;1;26;0;-2;0;0;0;1;0;2;0;0;1
Intel(R) Data Center GPU Max 1550 [0x0bd5];3;5;26;28;30000;2611.3;15;5;1;1;26;0;-2;0;0;0;1;0;0;2;0;1
Intel(R) Data Center GPU Max 1550 [0x0bd5];3;5;26;32;30000;2631.5;15;5;1;1;26;0;0;0;0;0;1;0;0;2;0;1
Intel(R) Data Center GPU Max 1550 [0x0bd5];3;5;26;45;30000;2400.5;8;5;1;1;26;0;-2;0;0;0;1;0;0;0;0;0
Intel(R) Data Center GPU Max 1550 [0x0bd5];3;5;28;4;30000;1492.0;15;5;1;5;28;1;0;0;0;0;1;0;0;0;0;0
Intel(R) Data Center GPU Max 1550 [0x0bd5];3;5;28;5;30000;1678.7;15;5;1;4;28;-2;-1;0;0;0;1;0;0;0;0;0
Intel(R) Data Center GPU Max 1550 [0x0bd5];3;5;28;7;30000;2085.5;15;5;1;2;28;-1;0;0;0;0;1;0;0;0;0;1
Intel(R) Data Center GPU Max 1550 [0x0bd5];3;5;28;9;30000;2360.6;15;5;1;5;28;1;-2;0;0;0;1;0;0;0;0;1
Intel(R) Data Center GPU Max 1550 [0x0bd5];3;5;28;13;30000;2609.3;15;5;1;1;28;0;-2;0;0;0;1;0;0;0;0;1
Intel(R) Data Center GPU Max 1550 [0x0bd5];3;5;28;14;30000;2653.1;15;5;1;1;28;0;-2;0;0;0;1;0;0;0;0;1
Intel(R) Data Center GPU Max 1550 [0x0bd5];3;5;28;25;30000;2922.5;15;5;1;1;28;0;-2;0;0;0;1;0;0;0;0;1
Intel(R) Data Center GPU Max 1550 [0x0bd5];3;5;28;26;30000;2907.4;15;5;1;1;28;0;0;0;0;0;1;0;0;0;0;1
Intel(R) Data Center GPU Max 1550 [0x0bd5];3;5;28;28;30000;2978.7;15;5;1;1;28;0;0;0;0;0;1;0;0;2;0;1
Intel(R) Data Center GPU Max 1550 [0x0bd5];3;5;28;32;30000;2984.1;15;5;1;1;28;-2;0;0;0;0;1;0;0;2;0;1
Intel(R) Data Center GPU Max 1550 [0x0bd5];3;5;28;45;30000;2911.1;15;5;1;1;28;-2;0;0;0;0;1;0;2;0;0;1
Intel(R) Data Center GPU Max 1550 [0x0bd5];3;5;32;4;30000;1558.3;15;5;1;1;32;0;0;0;0;0;1;0;0;0;0;1
Intel(R) Data Center GPU Max 1550 [0x0bd5];3;5;32;5;30000;1834.1;25;5;1;1;32;-1;-2;0;0;0;1;0;0;0;0;0
Intel(R) Data Center GPU Max 1550 [0x0bd5];3;5;32;6;30000;2092.9;25;5;1;1;32;1;-1;0;0;0;1;0;2;0;0;0
Intel(R) Data Center GPU Max 1550 [0x0bd5];3;5;32;7;30000;2104.3;15;5;1;1;32;-2;0;0;0;0;1;0;0;2;0;1
Intel(R) Data Center GPU Max 1550 [0x0bd5];3;5;32;9;30000;2420.5;15;5;1;1;32;1;-2;0;0;0;1;0;2;0;0;1
Intel(R) Data Center GPU Max 1550 [0x0bd5];3;5;32;13;30000;2720.0;15;5;1;5;32;-2;-1;0;0;0;1;0;0;2;0;1
Intel(R) Data Center GPU Max 1550 [0x0bd5];3;5;32;17;30000;42254.4;52;5;1;5;32;-2;0;0;0;0;1;0;0;0;0;0
Intel(R) Data Center GPU Max 1550 [0x0bd5];3;5;32;20;30000;3062.3;15;5;1;1;32;1;0;0;0;0;1;0;2;2;0;1
Intel(R) Data Center GPU Max 1550 [0x0bd5];3;5;32;24;30000;3154.0;15;5;1;1;32;-2;0;0;0;0;1;0;0;2;0;1
Intel(R) Data Center GPU Max 1550 [0x0bd5];3;5;32;25;30000;3292.8;15;5;1;1;32;0;-1;0;0;0;1;0;2;2;0;1
Intel(R) Data Center GPU Max 1550 [0x0bd5];3;5;32;26;30000;3085.0;16;5;1;1;32;1;-2;0;0;0;1;0;0;2;0;1
Intel(R) Data Center GPU Max 1550 [0x0bd5];3;5;32;28;30000;3260.2;15;5;1;1;32;0;0;0;0;0;1;0;2;2;0;1
Intel(R) Data Center GPU Max 1550 [0x0bd5];3;5;32;32;30000;3155.5;16;5;1;1;32;0;0;0;0;0;1;0;2;0;0;1
Intel(R) Data Center GPU Max 1550 [0x0bd5];3;5;32;45;30000;3241.4;15;5;1;1;32;-1;0;0;0;0;1;0;0;0;0;1
Intel(R) Data Center GPU Max 1550 [0x0bd5];3;5;45;4;30000;1680.0;25;5;1;2;45;1;-1;0;0;0;1;0;2;0;0;0
Intel(R) Data Center GPU Max 1550 [0x0bd5];3;5;45;5;30000;1890.4;30;5;1;4;45;1;-1;0;0;0;1;0;2;0;0;1
Intel(R) Data Center GPU Max 1550 [0x0bd5];3;5;45;7;30000;2190.5;30;5;1;2;45;-2;-1;0;0;0;1;0;2;0;0;1
Intel(R) Data Center GPU Max 1550 [0x0bd5];3;5;45;9;30000;2245.9;30;5;1;4;45;1;0;0;0;0;1;0;0;0;0;1
Intel(R) Data Center GPU Max 1550 [0x0bd5];3;5;45;13;30000;2253.7;15;5;1;4;45;-1;-2;0;0;0;1;0;0;0;0;1
Intel(R) Data Center GPU Max 1550 [0x0bd5];3;5;45;25;30000;2550.4;8;5;1;1;45;-1;0;0;0;0;1;0;2;2;0;1
Intel(R) Data Center GPU Max 1550 [0x0bd5];3;5;45;26;30000;2537.8;8;5;1;1;45;1;0;0;0;0;1;0;0;0;0;1
Intel(R) Data Center GPU Max 1550 [0x0bd5];3;5;45;28;30000;2529.2;8;5;1;1;45;-2;0;0;0;0;1;0;0;0;0;1
Intel(R) Data Center GPU Max 1550 [0x0bd5];3;5;45;32;30000;2576.7;7;5;1;1;45;1;0;0;0;0;1;0;0;0;0;1
Intel(R) Data Center GPU Max 1550 [0x0bd5];3;5;45;45;30000;2333.5;7;5;1;1;45;-1;0;0;0;0;1;0;2;0;0;1
Intel(R) Data Center GPU Max 1550 [0x0bd5];3;6;5;20;30000;998.7;8;6;1;1;6;0;0;0;0;0;1;0;0;0;0;0
Intel(R) Data Center GPU Max 1550 [0x0bd5];3;6;5;32;30000;1106.2;8;6;1;1;6;0;0;0;0;0;1;0;2;0;0;0
Intel(R) Data Center GPU Max 1550 [0x0bd5];3;6;6;6;30000;743.8;13;6;1;1;1;0;0;0;0;0;1;0;2;2;0;0
Intel(R) Data Center GPU Max 1550 [0x0bd5];3;6;6;7;30000;726.6;10;6;1;1;6;0;0;0;0;0;1;0;0;2;0;0
Intel(R) Data Center GPU Max 1550 [0x0bd5];3;6;6;8;30000;845.4;15;6;1;1;6;0;0;0;0;0;1;0;2;0;0;1
Intel(R) Data Center GPU Max 1550 [0x0bd5];3;6;6;20;30000;1260.0;8;6;1;1;6;-2;-1;0;0;0;1;0;2;0;0;0
Intel(R) Data Center GPU Max 1550 [0x0bd5];3;6;6;32;30000;1224.6;15;6;1;1;6;-1;0;0;0;0;1;0;0;2;0;1
Intel(R) Data Center GPU Max 1550 [0x0bd5];3;6;7;6;30000;906.9;15;6;1;1;7;-2;-2;0;0;0;1;0;2;0;0;0
Intel(R) Data Center GPU Max 1550 [0x0bd5];3;6;7;7;30000;870.5;15;6;1;1;7;-2;0;0;0;0;1;0;2;0;0;1
Intel(R) Data Center GPU Max 1550 [0x0bd5];3;6;7;8;30000;970.0;15;6;1;1;7;0;0;0;0;0;1;0;2;0;0;1
Intel(R) Data Center GPU Max 1550 [0x0bd5];3;6;8;6;30000;905.9;15;6;1;1;1;-1;-2;0;0;0;1;0;0;0;0;0
Intel(R) Data Center GPU Max 1550 [0x0bd5];3;6;8;7;30000;935.2;15;6;1;1;8;1;-2;0;0;0;1;0;2;2;0;1
Intel(R) Data Center GPU Max 1550 [0x0bd5];3;6;8;8;30000;1038.2;15;6;1;1;8;0;0;0;0;0;1;0;2;0;0;1
Intel(R) Data Center GPU Max 1550 [0x0bd5];3;6;13;20;30000;2134.0;15;6;1;1;13;1;0;0;0;0;1;0;0;2;0;1
Intel(R) Data Center GPU Max 1550 [0x0bd5];3;6;13;32;30000;2315.8;15;6;1;2;13;-1;0;0;0;0;1;0;2;0;0;1
Intel(R) Data Center GPU Max 1550 [0x0bd5];3;6;20;5;30000;1516.6;15;6;1;5;20;1;0;0;0;0;1;0;0;2;0;0
Intel(R) Data Center GPU Max 1550 [0x0bd5];3;6;20;6;30000;1667.1;22;6;1;1;20;1;0;0;0;0;1;0;2;0;0;0
Intel(R) Data Center GPU Max 1550 [0x0bd5];3;6;20;13;30000;2385.0;15;6;1;1;20;0;-2;0;0;0;1;0;2;0;0;1
Intel(R) Data Center GPU Max 1550 [0x0bd5];3;6;20;20;30000;2724.9;15;6;1;1;20;-2;0;0;0;0;1;0;0;0;0;1
Intel(R) Data Center GPU Max 1550 [0x0bd5];3;6;20;32;30000;3057.5;15;6;1;1;20;0;0;0;0;0;1;0;2;2;0;1
Intel(R) Data Center GPU Max 1550 [0x0bd5];3;6;32;5;30000;1966.7;25;6;1;1;32;-2;-2;0;0;0;1;0;0;0;0;0
Intel(R) Data Center GPU Max 1550 [0x0bd5];3;6;32;6;30000;2214.1;25;6;1;1;32;-1;0;0;0;0;1;0;0;2;0;0
Intel(R) Data Center GPU Max 1550 [0x0bd5];3;6;32;13;30000;2967.4;15;6;1;2;32;-1;0;0;0;0;1;0;2;0;0;1
Intel(R) Data Center GPU Max 1550 [0x0bd5];3;6;32;20;30000;3406.1;15;6;1;1;32;0;0;0;0;0;1;0;0;2;0;1
Intel(R) Data Center GPU Max 1550 [0x0bd5];3;6;32;32;30000;3528.7;15;6;1;5;32;-2;-2;0;0;0;1;0;0;0;0;1
Intel(R) Data Center GPU Max 1550 [0x0bd5];3;7;4;4;30000;406.1;15;7;1;1;1;-1;0;0;0;0;1;0;0;0;0;0
Intel(R) Data Center GPU Max 1550 [0x0bd5];3;7;4;5;30000;477.9;11;7;1;1;1;0;0;0;0;0;1;0;0;0;0;0
Intel(R) Data Center GPU Max 1550 [0x0bd5];3;7;4;7;30000;557.7;11;7;1;7;7;1;-2;0;0;0;1;0;2;0;0;0
Intel(R) Data Center GPU Max 1550 [0x0bd5];3;7;4;9;30000;664.5;15;7;1;3;7;-1;-2;0;0;0;1;0;2;0;0;1
Intel(R) Data Center GPU Max 1550 [0x0bd5];3;7;4;13;30000;716.6;8;7;1;1;1;0;0;0;0;0;1;0;0;0;0;0
Intel(R) Data Center GPU Max 1550 [0x0bd5];3;7;4;25;30000;935.5;8;7;1;1;7;-1;0;0;0;0;1;0;2;0;0;0
Intel(R) Data Center GPU Max 1550 [0x0bd5];3;7;4;26;30000;958.4;8;7;1;1;7;-1;0;0;0;0;1;0;2;0;0;0
Intel(R) Data Center GPU Max 1550 [0x0bd5];3;7;4;28;30000;957.2;8;7;1;1;7;-1;0;0;0;0;1;0;2;0;0;0
Intel(R) Data Center GPU Max 1550 [0x0bd5];3;7;4;32;30000;915.3;15;7;1;1;7;-1;0;0;0;0;1;0;0;2;0;1
Intel(R) Data Center GPU Max 1550 [0x0bd5];3;7;4;45;30000;990.0;8;7;1;1;7;-1;0;0;0;0;1;0;2;0;0;0
Intel(R) Data Center GPU Max 1550 [0x0bd5];3;7;5;4;30000;475.6;13;7;1;1;7;-1;0;0;0;0;1;0;2;0;0;0
Intel(R) Data Center GPU Max 1550 [0x0bd5];3;7;5;5;30000;574.9;13;7;1;6;1;1;0;0;0;0;1;0;0;0;0;0
Intel(R) Data Center GPU Max 1550 [0x0bd5];3;7;5;7;30000;658.7;11;7;1;3;7;0;0;0;0;0;1;0;2;0;0;0
Intel(R) Data Center GPU Max 1550 [0x0bd5];3;7;5;9;30000;803.6;15;7;1;2;7;0;-1;0;0;0;1;0;2;0;0;1
Intel(R) Data Center GPU Max 1550 [0x0bd5];3;7;5;13;30000;844.8;8;7;1;1;1;-2;0;0;0;0;1;0;0;0;0;0
Intel(R) Data Center GPU Max 1550 [0x0bd5];3;7;5;25;30000;575.3;8;7;1;6;7;1;1;0;0;0;1;0;1;0;0;0
Intel(R) Data Center GPU Max 1550 [0x0bd5];3;7;5;26;30000;1138.2;8;7;1;1;7;-1;0;0;0;0;1;0;0;0;0;0
Intel(R) Data Center GPU Max 1550 [0x0bd5];3;7;5;28;30000;1063.0;15;7;1;1;7;1;0;0;0;0;1;0;0;2;0;1
Intel(R) Data Center GPU Max 1550 [0x0bd5];3;7;5;32;30000;1122.1;15;7;1;1;7;-1;0;0;0;0;1;0;0;2;0;1
Intel(R) Data Center GPU Max 1550 [0x0bd5];3;7;5;45;30000;1212.8;8;7;1;1;7;-1;0;0;0;0;1;0;2;0;0;0
Intel(R) Data Center GPU Max 1550 [0x0bd5];3;7;6;6;30000;715.0;11;7;1;1;1;-1;0;0;0;0;1;0;0;2;0;0
Intel(R) Data Center GPU Max 1550 [0x0bd5];3;7;6;7;30000;799.0;11;7;1;5;7;-1;-2;0;0;0;1;0;2;0;0;0
Intel(R) Data Center GPU Max 1550 [0x0bd5];3;7;6;8;30000;928.0;15;7;1;5;7;0;0;0;0;0;1;0;2;0;0;1
Intel(R) Data Center GPU Max 1550 [0x0bd5];3;7;7;4;30000;671.5;15;7;1;1;7;0;0;0;0;0;1;0;2;0;0;0
Intel(R) Data Center GPU Max 1550 [0x0bd5];3;7;7;5;30000;799.9;13;7;1;1;1;-1;0;0;0;0;1;0;2;0;0;0
Intel(R) Data Center GPU Max 1550 [0x0bd5];3;7;7;6;30000;864.7;12;7;1;1;1;1;0;0;0;0;1;0;2;0;0;0
Intel(R) Data Center GPU Max 1550 [0x0bd5];3;7;7;7;30000;898.6;12;7;1;3;1;-1;0;0;0;0;1;0;2;0;0;0
Intel(R) Data Center GPU Max 1550 [0x0bd5];3;7;7;8;30000;1046.0;15;7;1;1;7;1;-2;0;0;0;1;0;2;0;0;1
Intel(R) Data Center GPU Max 1550 [0x0bd5];3;7;7;9;30000;1095.4;15;7;1;1;7;0;-2;0;0;0;1;0;0;2;0;1
Intel(R) Data Center GPU Max 1550 [0x0bd5];3;7;7;13;30000;1266.7;15;7;1;1;7;-1;-1;0;0;0;1;0;0;0;0;1
Intel(R) Data Center GPU Max 1550 [0x0bd5];3;7;7;25;30000;1502.6;15;7;1;5;7;1;0;0;0;0;1;0;0;2;0;1
Intel(R) Data Center GPU Max 1550 [0x0bd5];3;7;7;26;30000;1511.0;8;7;1;1;7;-1;0;0;0;0;1;0;0;0;0;0
Intel(R) Data Center GPU Max 1550 [0x0bd5];3;7;7;28;30000;1492.4;15;7;1;1;7;-2;0;0;0;0;1;0;2;2;0;1
Intel(R) Data Center GPU Max 1550 [0x0bd5];3;7;7;32;30000;1570.2;15;7;1;1;7;-1;0;0;0;0;1;0;0;2;0;1
Intel(R) Data Center GPU Max 1550 [0x0bd5];3;7;7;45;30000;1682.7;15;7;1;1;7;0;-1;0;0;0;1;0;0;0;0;1
Intel(R) Data Center GPU Max 1550 [0x0bd5];3;7;8;6;30000;893.7;15;7;1;1;1;-1;0;0;0;0;1;0;0;2;0;0
Intel(R) Data Center GPU Max 1550 [0x0bd5];3;7;8;7;30000;1007.3;15;7;1;1;8;1;0;0;0;0;1;0;2;0;0;1
Intel(R) Data Center GPU Max 1550 [0x0bd5];3;7;8;8;30000;1117.5;15;7;1;1;8;-2;-2;0;0;0;1;0;2;0;0;1
Intel(R) Data Center GPU Max 1550 [0x0bd5];3;7;9;4;30000;735.8;15;7;1;1;9;1;-1;0;0;0;1;0;2;2;0;0
Intel(R) Data Center GPU Max 1550 [0x0bd5];3;7;9;5;30000;878.2;15;7;1;1;9;-1;0;0;0;0;1;0;0;0;0;0
Intel(R) Data Center GPU Max 1550 [0x0bd5];3;7;9;7;30000;1086.0;15;7;1;1;9;0;-1;0;0;0;1;0;0;0;0;1
Intel(R) Data Center GPU Max 1550 [0x0bd5];3;7;9;9;30000;1284.7;15;7;1;1;9;-1;0;0;0;0;1;0;0;0;0;1
Intel(R) Data Center GPU Max 1550 [0x0bd5];3;7;9;13;30000;1513.7;15;7;1;1;9;1;0;0;1;0;1;0;0;0;0;1
Intel(R) Data Center GPU Max 1550 [0x0bd5];3;7;9;25;30000;1809.7;15;7;1;1;9;1;0;0;1;0;1;0;2;2;0;1
Intel(R) Data Center GPU Max 1550 [0x0bd5];3;7;9;26;30000;1815.0;15;7;1;1;9;-2;0;0;1;0;1;0;2;0;0;1
Intel(R) Data Center GPU Max 1550 [0x0bd5];3;7;9;28;30000;1864.7;15;7;1;1;9;-2;0;0;1;0;1;0;0;2;0;1
Intel(R) Data Center GPU Max 1550 [0x0bd5];3;7;9;32;30000;1844.4;15;7;1;1;9;1;-2;0;0;0;1;0;0;2;0;1
Intel(R) Data Center GPU Max 1550 [0x0bd5];3;7;9;45;30000;1866.0;15;7;1;1;9;1;0;0;0;0;1;0;2;0;0;1
Intel(R) Data Center GPU Max 1550 [0x0bd5];3;7;13;4;30000;1124.8;15;7;1;1;13;-2;0;0;0;0;1;0;0;0;0;1
Intel(R) Data Center GPU Max 1550 [0x0bd5];3;7;13;5;30000;1232.2;15;7;1;1;1;1;-1;0;0;0;1;0;0;2;0;0
Intel(R) Data Center GPU Max 1550 [0x0bd5];3;7;13;7;30000;1539.8;15;7;1;1;13;-1;0;0;0;0;1;0;0;0;0;1
Intel(R) Data Center GPU Max 1550 [0x0bd5];3;7;13;13;30000;2072.1;15;7;1;1;13;-2;0;0;0;0;1;0;0;0;0;1
Intel(R) Data Center GPU Max 1550 [0x0bd5];3;7;32;13;30000;3169.4;25;7;1;1;32;-1;0;0;1;0;1;0;0;0;0;1
Intel(R) Data Center GPU Max 1550 [0x0bd5];3;7;32;25;30000;3832.5;15;7;1;1;32;-1;0;0;0;0;1;0;2;2;0;1
Intel(R) Data Center GPU Max 1550 [0x0bd5];3;7;32;26;30000;3810.2;15;7;1;1;32;1;0;0;0;0;1;0;0;2;0;1
Intel(R) Data Center GPU Max 1550 [0x0bd5];3;7;32;28;30000;3781.9;15;7;1;1;32;-1;0;0;1;0;1;0;2;0;0;1
Intel(R) Data Center GPU Max 1550 [0x0bd5];3;7;32;32;30000;4049.6;15;7;1;1;32;0;0;0;0;0;1;0;0;2;0;1
Intel(R) Data Center GPU Max 1550 [0x0bd5];3;7;32;45;30000;3896.0;15;7;1;1;32;-1;-2;0;0;0;1;0;2;0;0;1
Intel(R) Data Center GPU Max 1550 [0x0bd5];3;7;45;4;30000;1780.3;32;7;1;2;45;1;1;0;0;0;1;0;2;2;0;1
Intel(R) Data Center GPU Max 1550 [0x0bd5];3;7;45;5;30000;2170.0;43;7;1;7;45;1;0;0;0;0;1;0;0;0;0;0
Intel(R) Data Center GPU Max 1550 [0x0bd5];3;7;45;7;30000;2503.6;31;7;1;7;45;-1;0;0;1;0;1;0;0;2;0;1
Intel(R) Data Center GPU Max 1550 [0x0bd5];3;7;45;9;30000;2834.6;30;7;1;6;45;1;0;0;0;0;1;0;2;0;0;1
Intel(R) Data Center GPU Max 1550 [0x0bd5];3;7;45;13;30000;3029.6;30;7;1;3;45;0;0;0;1;0;1;0;0;0;0;1
Intel(R) Data Center GPU Max 1550 [0x0bd5];3;7;45;25;30000;3189.6;10;7;1;1;45;-2;0;0;0;0;1;0;2;2;0;1
Intel(R) Data Center GPU Max 1550 [0x0bd5];3;7;45;26;30000;3198.0;10;7;1;1;45;-1;0;0;0;0;1;0;2;2;0;1
Intel(R) Data Center GPU Max 1550 [0x0bd5];3;7;45;28;30000;3276.1;8;7;1;1;45;1;0;0;0;0;1;0;0;2;0;1
Intel(R) Data Center GPU Max 1550 [0x0bd5];3;7;45;32;30000;3147.9;8;7;1;1;45;0;-2;0;0;0;1;0;2;0;0;1
Intel(R) Data Center GPU Max 1550 [0x0bd5];3;7;45;45;30000;2897.6;9;7;1;1;45;0;-2;0;0;0;1;0;0;0;0;1
Intel(R) Data Center GPU Max 1550 [0x0bd5];3;8;6;6;30000;783.4;13;8;1;4;8;1;-2;0;0;0;1;0;2;0;0;0
Intel(R) Data Center GPU Max 1550 [0x0bd5];3;8;6;7;30000;905.4;15;8;1;3;8;-1;0;0;0;0;1;0;0;0;0;1
Intel(R) Data Center GPU Max 1550 [0x0bd5];3;8;6;8;30000;984.3;15;8;1;6;8;-1;0;0;0;0;1;0;0;0;0;1
Intel(R) Data Center GPU Max 1550 [0x0bd5];3;8;7;6;30000;904.2;13;8;1;7;1;1;0;0;1;0;1;0;2;2;0;0
Intel(R) Data Center GPU Max 1550 [0x0bd5];3;8;7;7;30000;1000.7;15;8;1;7;8;1;0;0;0;0;1;0;0;0;0;1
Intel(R) Data Center GPU Max 1550 [0x0bd5];3;8;7;8;30000;1086.9;15;8;1;4;8;0;0;0;0;0;1;0;0;0;0;1
Intel(R) Data Center GPU Max 1550 [0x0bd5];3;8;8;6;30000;976.3;15;8;1;1;8;-1;0;0;0;0;1;0;0;0;0;1
Intel(R) Data Center GPU Max 1550 [0x0bd5];3;8;8;7;30000;1065.8;15;8;1;3;8;-1;0;0;0;0;1;0;2;0;0;1
Intel(R) Data Center GPU Max 1550 [0x0bd5];3;8;8;8;30000;1047.4;13;8;1;4;1;1;-2;0;0;0;1;0;0;2;0;0
Intel(R) Data Center GPU Max 1550 [0x0bd5];3;9;4;4;30000;766.8;10;1;4;5;1;-2;0;0;0;0;1;0;2;2;0;0
Intel(R) Data Center GPU Max 1550 [0x0bd5];3;9;4;5;30000;517.8;12;9;1;1;1;1;0;0;0;0;1;0;2;0;0;0
Intel(R) Data Center GPU Max 1550 [0x0bd5];3;9;4;7;30000;652.2;15;9;1;1;9;1;0;0;0;0;1;0;2;2;0;1
Intel(R) Data Center GPU Max 1550 [0x0bd5];3;9;4;9;30000;770.9;15;9;1;1;9;-1;0;0;0;0;1;0;2;2;0;1
Intel(R) Data Center GPU Max 1550 [0x0bd5];3;9;4;13;30000;838.5;15;9;1;1;9;1;0;0;1;0;1;0;2;0;0;1
Intel(R) Data Center GPU Max 1550 [0x0bd5];3;9;4;25;30000;1028.3;15;9;1;1;9;1;0;0;0;0;1;0;0;0;0;1
Intel(R) Data Center GPU Max 1550 [0x0bd5];3;9;4;26;30000;1014.6;15;9;1;1;9;0;0;0;1;0;1;0;0;2;0;1
Intel(R) Data Center GPU Max 1550 [0x0bd5];3;9;4;28;30000;1083.7;8;9;1;1;9;-2;0;0;0;0;1;0;0;1;0;0
Intel(R) Data Center GPU Max 1550 [0x0bd5];3;9;4;32;30000;1046.6;15;9;1;1;9;1;0;0;0;0;1;0;0;0;0;1
Intel(R) Data Center GPU Max 1550 [0x0bd5];3;9;4;45;30000;1169.2;15;9;1;1;9;-2;0;0;0;0;1;0;0;0;0;1
Intel(R) Data Center GPU Max 1550 [0x0bd5];3;9;5;4;30000;548.2;15;9;1;5;9;-1;-2;0;0;0;1;0;2;0;0;1
Intel(R) Data Center GPU Max 1550 [0x0bd5];3;9;5;5;30000;569.5;15;9;1;1;1;1;-2;0;0;0;1;0;0;2;0;0
Intel(R) Data Center GPU Max 1550 [0x0bd5];3;9;5;7;30000;756.3;15;9;1;9;9;-2;-1;0;0;0;1;0;2;0;0;1
Intel(R) Data Center GPU Max 1550 [0x0bd5];3;9;5;9;30000;879.0;15;9;1;1;9;-1;0;0;0;0;1;0;0;2;0;1
Intel(R) Data Center GPU Max 1550 [0x0bd5];3;9;5;13;30000;1002.3;15;9;1;1;9;1;0;0;1;0;1;0;0;0;0;1
Intel(R) Data Center GPU Max 1550 [0x0bd5];3;9;5;25;30000;1294.8;8;9;1;1;9;-2;0;0;0;0;1;0;0;1;0;0
Intel(R) Data Center GPU Max 1550 [0x0bd5];3;9;5;26;30000;1175.5;15;9;1;1;9;-1;0;0;0;0;1;0;2;2;0;1
Intel(R) Data Center GPU Max 1550 [0x0bd5];3;9;5;28;30000;665.5;8;9;1;1;9;0;-2;0;0;0;1;0;0;0;0;0
Intel(R) Data Center GPU Max 1550 [0x0bd5];3;9;5;32;30000;1295.1;15;9;1;1;9;-2;0;0;0;0;1;0;2;0;0;1
Intel(R) Data Center GPU Max 1550 [0x0bd5];3;9;5;45;30000;1382.3;15;9;1;1;9;-1;0;0;1;0;1;0;2;0;0;1
Intel(R) Data Center GPU Max 1550 [0x0bd5];3;9;7;4;30000;793.8;15;9;1;1;9;-2;0;0;1;0;1;0;0;0;0;1
Intel(R) Data Center GPU Max 1550 [0x0bd5];3;9;7;5;30000;868.1;15;9;1;1;9;-1;0;0;0;0;1;0;2;2;0;0
Intel(R) Data Center GPU Max 1550 [0x0bd5];3;9;7;7;30000;1072.8;15;9;1;4;9;1;-2;0;0;0;1;0;2;0;0;1
Intel(R) Data Center GPU Max 1550 [0x0bd5];3;9;7;9;30000;1281.6;15;9;1;1;9;-2;0;0;0;0;1;0;0;0;0;1
Intel(R) Data Center GPU Max 1550 [0x0bd5];3;9;7;13;30000;1406.7;15;9;1;1;9;-1;0;0;1;0;1;0;0;0;0;1
Intel(R) Data Center GPU Max 1550 [0x0bd5];3;9;7;25;30000;1695.0;15;9;1;1;9;1;0;0;0;0;1;0;2;0;0;1
Intel(R) Data Center GPU Max 1550 [0x0bd5];3;9;7;26;30000;1666.0;15;9;1;1;9;-1;0;0;0;0;1;0;2;2;0;1
Intel(R) Data Center GPU Max 1550 [0x0bd5];3;9;7;28;30000;1701.3;15;9;1;1;9;1;0;0;0;0;1;0;0;0;0;1
Intel(R) Data Center GPU Max 1550 [0x0bd5];3;9;7;32;30000;890.8;8;9;1;1;9;-1;-2;0;0;0;1;0;0;0;0;0
Intel(R) Data Center GPU Max 1550 [0x0bd5];3;9;7;45;30000;1877.9;15;9;1;1;9;1;0;0;1;0;1;0;0;0;0;1
Intel(R) Data Center GPU Max 1550 [0x0bd5];3;9;9;4;30000;853.2;15;9;1;1;9;1;0;0;0;0;1;0;2;0;0;1
Intel(R) Data Center GPU Max 1550 [0x0bd5];3;9;9;5;30000;956.8;16;9;1;1;1;1;0;0;0;0;1;0;0;0;0;0
Intel(R) Data Center GPU Max 1550 [0x0bd5];3;9;9;7;30000;1252.3;15;9;1;1;9;-2;0;0;0;0;1;0;0;0;0;1
Intel(R) Data Center GPU Max 1550 [0x0bd5];3;9;9;9;30000;1802.7;8;9;1;1;1;1;0;0;1;0;1;0;0;2;0;0
Intel(R) Data Center GPU Max 1550 [0x0bd5];3;9;9;13;30000;1754.7;15;9;1;1;9;1;0;0;1;0;1;0;0;2;0;1
Intel(R) Data Center GPU Max 1550 [0x0bd5];3;9;9;16;30000;1866.4;15;9;1;1;9;-1;0;0;1;0;1;0;0;0;0;1
Intel(R) Data Center GPU Max 1550 [0x0bd5];3;9;9;22;30000;2032.1;15;9;1;1;9;-2;0;0;0;0;1;0;0;2;0;1
Intel(R) Data Center GPU Max 1550 [0x0bd5];3;9;9;25;30000;1995.4;15;9;1;1;9;-2;-1;0;0;0;1;0;0;0;0;1
Intel(R) Data Center GPU Max 1550 [0x0bd5];3;9;9;26;30000;2100.5;15;9;1;1;9;1;0;0;0;0;1;0;0;2;0;1
Intel(R) Data Center GPU Max 1550 [0x0bd5];3;9;9;28;30000;2129.5;15;9;1;1;9;-2;0;0;0;0;1;0;0;2;0;1
Intel(R) Data Center GPU Max 1550 [0x0bd5];3;9;9;32;30000;2155.8;15;9;1;1;9;1;0;0;0;0;1;0;0;2;0;1
Intel(R) Data Center GPU Max 1550 [0x0bd5];3;9;9;45;30000;2058.1;15;9;1;1;9;1;0;0;1;0;1;0;0;0;0;1
Intel(R) Data Center GPU Max 1550 [0x0bd5];3;9;13;4;30000;1129.3;24;9;1;1;13;1;0;0;1;0;1;0;0;0;0;1
Intel(R) Data Center GPU Max 1550 [0x0bd5];3;9;13;5;30000;1274.2;15;9;1;1;13;-1;0;0;0;0;1;0;0;2;0;1
Intel(R) Data Center GPU Max 1550 [0x0bd5];3;9;13;7;30000;1624.3;15;9;1;1;13;0;0;0;0;0;1;0;0;0;0;1
Intel(R) Data Center GPU Max 1550 [0x0bd5];3;9;13;9;30000;1855.4;15;9;1;1;13;-1;-1;0;0;0;1;0;2;0;0;1
Intel(R) Data Center GPU Max 1550 [0x0bd5];3;9;13;13;30000;2177.7;15;9;1;1;13;1;-2;0;0;0;1;0;2;0;0;1
Intel(R) Data Center GPU Max 1550 [0x0bd5];3;9;13;25;30000;2722.5;15;9;1;1;13;-1;0;0;0;0;1;0;0;2;0;1
Intel(R) Data Center GPU Max 1550 [0x0bd5];3;9;13;26;30000;2689.2;15;9;1;1;13;-1;0;0;0;0;1;0;0;0;0;1
Intel(R) Data Center GPU Max 1550 [0x0bd5];3;9;13;28;30000;2795.2;15;9;1;1;13;-2;0;0;1;0;1;0;0;0;0;1
Intel(R) Data Center GPU Max 1550 [0x0bd5];3;9;13;32;30000;2336.5;8;9;1;1;13;1;0;0;0;0;1;0;2;0;0;0
Intel(R) Data Center GPU Max 1550 [0x0bd5];3;9;13;45;30000;2844.5;15;9;1;1;13;0;0;0;0;0;1;0;0;0;0;1
Intel(R) Data Center GPU Max 1550 [0x0bd5];3;9;16;9;30000;2065.0;15;9;1;1;16;-1;0;0;0;0;1;0;0;0;0;1
Intel(R) Data Center GPU Max 1550 [0x0bd5];3;9;16;16;30000;2782.9;15;9;1;9;16;-1;0;0;0;0;1;0;0;0;0;1
Intel(R) Data Center GPU Max 1550 [0x0bd5];3;9;16;22;30000;3040.1;15;9;1;1;1;-2;0;0;1;0;1;0;0;0;0;0
Intel(R) Data Center GPU Max 1550 [0x0bd5];3;9;22;9;30000;2322.6;25;9;1;1;22;-1;0;0;1;0;1;0;0;2;0;1
Intel(R) Data Center GPU Max 1550 [0x0bd5];3;9;22;16;30000;2958.4;15;9;1;1;22;-1;0;0;0;0;1;0;0;0;0;1
Intel(R) Data Center GPU Max 1550 [0x0bd5];3;9;22;22;30000;3238.7;16;9;1;1;22;-1;0;0;0;0;1;0;0;0;0;1
Intel(R) Data Center GPU Max 1550 [0x0bd5];3;9;22;32;30000;3480.1;15;9;1;1;22;1;0;0;0;0;1;0;2;0;0;1
Intel(R) Data Center GPU Max 1550 [0x0bd5];3;9;25;4;30000;1480.2;28;9;1;5;25;1;0;0;0;0;1;0;2;0;0;0
Intel(R) Data Center GPU Max 1550 [0x0bd5];3;9;25;5;30000;1729.9;27;9;1;9;25;-2;0;0;0;0;1;0;0;0;0;1
Intel(R) Data Center GPU Max 1550 [0x0bd5];3;9;25;7;30000;2118.7;25;9;1;1;25;1;0;0;0;0;1;0;0;0;0;1
Intel(R) Data Center GPU Max 1550 [0x0bd5];3;9;25;9;30000;2407.8;15;9;1;1;25;-2;0;0;0;0;1;0;0;0;0;1
Intel(R) Data Center GPU Max 1550 [0x0bd5];3;9;25;13;30000;2888.9;15;9;1;1;25;-1;0;0;0;0;1;0;2;2;0;1
Intel(R) Data Center GPU Max 1550 [0x0bd5];3;9;25;25;30000;3360.1;16;9;1;1;25;0;-1;0;0;0;1;0;2;2;0;1
Intel(R) Data Center GPU Max 1550 [0x0bd5];3;9;25;26;30000;3566.7;15;9;1;1;25;-1;0;0;0;0;1;0;0;0;0;1
Intel(R) Data Center GPU Max 1550 [0x0bd5];3;9;25;28;30000;3570.9;15;9;1;1;25;-1;0;0;0;0;1;0;0;2;0;1
Intel(R) Data Center GPU Max 1550 [0x0bd5];3;9;25;32;30000;3592.5;15;9;1;1;25;1;0;0;0;0;1;0;2;0;0;1
Intel(R) Data Center GPU Max 1550 [0x0bd5];3;9;25;45;30000;3746.1;15;9;1;1;25;-1;0;0;0;0;1;0;0;0;0;1
Intel(R) Data Center GPU Max 1550 [0x0bd5];3;9;26;4;30000;1517.2;27;9;1;6;26;-1;-2;0;0;0;1;0;0;0;0;0
Intel(R) Data Center GPU Max 1550 [0x0bd5];3;9;26;5;30000;1793.5;25;9;1;1;26;-1;0;0;0;0;1;0;2;0;0;0
Intel(R) Data Center GPU Max 1550 [0x0bd5];3;9;26;7;30000;2179.6;25;9;1;1;26;-2;0;0;0;0;1;0;0;0;0;1
Intel(R) Data Center GPU Max 1550 [0x0bd5];3;9;26;9;30000;2485.1;25;9;1;1;26;-1;0;0;0;0;1;0;0;2;0;1
Intel(R) Data Center GPU Max 1550 [0x0bd5];3;9;26;13;30000;2944.2;15;9;1;3;26;-2;0;0;0;0;1;0;0;0;0;1
Intel(R) Data Center GPU Max 1550 [0x0bd5];3;9;26;25;30000;3694.3;15;9;1;1;26;1;0;0;0;0;1;0;2;0;0;1
Intel(R) Data Center GPU Max 1550 [0x0bd5];3;9;26;26;30000;3672.3;15;9;1;1;26;-1;0;0;1;0;1;0;0;0;0;1
Intel(R) Data Center GPU Max 1550 [0x0bd5];3;9;26;28;30000;3776.5;15;9;1;1;26;-1;0;0;0;0;1;0;2;0;0;1
Intel(R) Data Center GPU Max 1550 [0x0bd5];3;9;26;32;30000;3610.3;15;9;1;1;26;-2;0;0;0;0;1;0;0;0;0;1
Intel(R) Data Center GPU Max 1550 [0x0bd5];3;9;26;45;30000;3927.0;15;9;1;1;26;0;-2;0;0;0;1;0;0;0;0;1
Intel(R) Data Center GPU Max 1550 [0x0bd5];3;9;28;4;30000;1546.2;27;9;1;7;28;-2;0;0;0;0;1;0;2;0;0;0
Intel(R) Data Center GPU Max 1550 [0x0bd5];3;9;28;5;30000;1811.4;28;9;1;9;28;-2;-1;0;0;0;1;0;2;0;0;1
Intel(R) Data Center GPU Max 1550 [0x0bd5];3;9;28;7;30000;2203.5;27;9;1;4;28;-2;0;0;1;0;1;0;0;0;0;1
Intel(R) Data Center GPU Max 1550 [0x0bd5];3;9;28;9;30000;2544.2;27;9;1;1;28;0;-1;0;0;0;1;0;0;0;0;1
Intel(R) Data Center GPU Max 1550 [0x0bd5];3;9;28;13;30000;2954.5;15;9;1;1;28;0;0;0;0;0;1;0;2;0;0;1
Intel(R) Data Center GPU Max 1550 [0x0bd5];3;9;28;25;30000;3810.3;15;9;1;1;28;0;0;0;0;0;1;0;0;0;0;1
Intel(R) Data Center GPU Max 1550 [0x0bd5];3;9;28;26;30000;3761.6;15;9;1;1;28;0;0;0;0;0;1;0;0;2;0;1
Intel(R) Data Center GPU Max 1550 [0x0bd5];3;9;28;28;30000;3886.6;15;9;1;1;28;1;0;0;0;0;1;0;2;2;0;1
Intel(R) Data Center GPU Max 1550 [0x0bd5];3;9;28;32;30000;3917.9;15;9;1;1;28;-1;0;0;0;0;1;0;2;0;0;1
Intel(R) Data Center GPU Max 1550 [0x0bd5];3;9;28;45;30000;4401.1;15;9;1;1;28;-2;0;0;0;0;1;0;2;0;0;1
Intel(R) Data Center GPU Max 1550 [0x0bd5];3;9;32;4;30000;1652.6;31;9;1;7;32;-1;0;0;0;0;1;0;0;0;0;0
Intel(R) Data Center GPU Max 1550 [0x0bd5];3;9;32;5;30000;1951.1;25;9;1;1;32;0;0;0;1;0;1;0;2;0;0;1
Intel(R) Data Center GPU Max 1550 [0x0bd5];3;9;32;7;30000;2463.3;25;9;1;1;32;-2;0;0;0;0;1;0;0;0;0;1
Intel(R) Data Center GPU Max 1550 [0x0bd5];3;9;32;9;30000;2854.8;25;9;1;1;1;-1;0;0;1;0;1;0;2;0;0;1
Intel(R) Data Center GPU Max 1550 [0x0bd5];3;9;32;13;30000;3264.3;25;9;1;1;32;0;0;0;0;0;1;0;0;0;0;1
Intel(R) Data Center GPU Max 1550 [0x0bd5];3;9;32;22;30000;3891.9;25;9;1;1;1;-2;0;0;0;0;1;0;0;0;0;1
Intel(R) Data Center GPU Max 1550 [0x0bd5];3;9;32;25;30000;4120.6;15;9;1;1;32;1;0;0;0;0;1;0;2;0;0;1
Intel(R) Data Center GPU Max 1550 [0x0bd5];3;9;32;26;30000;4275.3;15;9;1;1;32;-1;0;0;0;0;1;0;0;0;0;1
Intel(R) Data Center GPU Max 1550 [0x0bd5];3;9;32;28;30000;4333.3;16;9;1;1;32;-2;0;0;0;0;1;0;2;0;0;1
Intel(R) Data Center GPU Max 1550 [0x0bd5];3;9;32;32;30000;4420.2;15;9;1;1;1;1;0;0;1;0;1;0;2;0;0;1
Intel(R) Data Center GPU Max 1550 [0x0bd5];3;9;32;45;30000;4739.9;15;9;1;1;32;0;-2;0;0;0;1;0;0;0;0;1
Intel(R) Data Center GPU Max 1550 [0x0bd5];3;9;45;32;30000;3485.3;10;9;1;1;45;0;-2;0;0;0;1;0;0;0;0;1
Intel(R) Data Center GPU Max 1550 [0x0bd5];3;9;45;45;30000;3472.9;30;9;1;1;45;1;0;0;1;0;1;0;0;0;0;1
Intel(R) Data Center GPU Max 1550 [0x0bd5];3;10;4;4;30000;513.8;16;10;1;1;1;-2;0;0;0;0;1;0;2;2;0;0
Intel(R) Data Center GPU Max 1550 [0x0bd5];3;10;4;10;30000;856.0;15;10;1;1;10;1;0;0;1;0;1;0;0;0;0;1
Intel(R) Data Center GPU Max 1550 [0x0bd5];3;10;4;15;30000;938.3;15;10;1;1;10;-2;0;0;1;0;1;0;0;0;0;1
Intel(R) Data Center GPU Max 1550 [0x0bd5];3;10;10;4;30000;1068.6;15;10;1;1;10;-2;0;0;0;0;1;0;2;2;0;1
Intel(R) Data Center GPU Max 1550 [0x0bd5];3;10;10;10;30000;1940.6;15;10;1;1;10;-2;0;0;0;0;1;0;0;2;0;1
Intel(R) Data Center GPU Max 1550 [0x0bd5];3;10;10;15;30000;2324.5;15;10;1;1;10;-1;0;0;1;0;1;0;0;0;0;1
Intel(R) Data Center GPU Max 1550 [0x0bd5];3;10;15;4;30000;1278.4;27;10;1;1;15;-2;0;0;0;0;1;0;0;0;0;1
Intel(R) Data Center GPU Max 1550 [0x0bd5];3;10;15;10;30000;2221.1;15;10;1;1;15;1;-1;0;0;0;1;0;2;2;0;1
Intel(R) Data Center GPU Max 1550 [0x0bd5];3;10;15;15;30000;2643.5;15;10;1;7;15;-1;0;0;1;0;1;0;0;2;0;1
Intel(R) Data Center GPU Max 1550 [0x0bd5];3;12;12;12;30000;2364.5;22;12;1;1;12;-2;0;0;0;0;1;0;0;2;0;0
Intel(R) Data Center GPU Max 1550 [0x0bd5];3;13;1;11;30000;323.3;8;13;1;1;13;-2;0;0;0;0;1;0;0;0;0;0
Intel(R) Data Center GPU Max 1550 [0x0bd5];3;13;4;4;30000;570.1;15;13;1;1;13;1;0;0;0;0;1;0;0;0;0;1
Intel(R) Data Center GPU Max 1550 [0x0bd5];3;13;4;5;30000;639.2;15;13;1;4;13;-2;-1;0;0;0;1;0;0;0;0;1
Intel(R) Data Center GPU Max 1550 [0x0bd5];3;13;4;7;30000;753.5;15;13;1;11;13;-1;-2;0;0;0;1;0;2;2;0;1
Intel(R) Data Center GPU Max 1550 [0x0bd5];3;13;4;9;30000;879.7;15;13;1;1;13;1;0;0;1;0;1;0;0;2;0;1
Intel(R) Data Center GPU Max 1550 [0x0bd5];3;13;4;13;30000;1032.7;9;13;1;1;1;-2;0;0;0;0;1;0;2;0;0;0
Intel(R) Data Center GPU Max 1550 [0x0bd5];3;13;4;17;30000;831.8;15;13;1;11;13;-2;-1;0;0;0;1;0;2;0;0;1
Intel(R) Data Center GPU Max 1550 [0x0bd5];3;13;4;25;30000;731.5;8;13;1;1;13;-1;-2;0;0;0;1;0;0;0;0;0
Intel(R) Data Center GPU Max 1550 [0x0bd5];3;13;4;26;30000;1207.4;8;13;1;1;13;-2;0;0;0;0;1;0;2;0;0;0
Intel(R) Data Center GPU Max 1550 [0x0bd5];3;13;4;28;30000;1272.8;15;13;1;1;13;-1;0;0;1;0;1;0;0;0;0;1
Intel(R) Data Center GPU Max 1550 [0x0bd5];3;13;4;32;30000;1260.2;8;13;1;1;1;-2;0;0;0;0;1;0;2;0;0;0
Intel(R) Data Center GPU Max 1550 [0x0bd5];3;13;4;45;30000;426.5;8;8;1;5;13;1;-1;0;0;0;1;0;0;0;0;0
Intel(R) Data Center GPU Max 1550 [0x0bd5];3;13;5;4;30000;713.3;15;13;1;1;13;-1;0;0;0;0;1;0;0;0;0;1
Intel(R) Data Center GPU Max 1550 [0x0bd5];3;13;5;5;30000;780.7;15;13;1;12;13;0;-2;0;0;0;1;0;2;0;0;1
Intel(R) Data Center GPU Max 1550 [0x0bd5];3;13;5;7;30000;986.4;15;13;1;1;13;1;0;0;0;0;1;0;2;0;0;1
Intel(R) Data Center GPU Max 1550 [0x0bd5];3;13;5;9;30000;1081.4;15;13;1;1;13;1;0;0;1;0;1;0;0;2;0;1
Intel(R) Data Center GPU Max 1550 [0x0bd5];3;13;5;13;30000;1243.5;10;13;1;1;1;-2;0;0;1;0;1;0;0;2;0;0
Intel(R) Data Center GPU Max 1550 [0x0bd5];3;13;5;16;30000;1330.7;15;13;1;1;13;-2;0;0;0;0;1;0;0;2;0;1
Intel(R) Data Center GPU Max 1550 [0x0bd5];3;13;5;17;30000;1355.1;15;13;1;12;13;-1;0;0;1;0;1;0;0;0;0;1
Intel(R) Data Center GPU Max 1550 [0x0bd5];3;13;5;20;30000;1348.5;15;13;1;1;13;-2;0;0;0;0;1;0;0;2;0;1
Intel(R) Data Center GPU Max 1550 [0x0bd5];3;13;5;24;30000;1495.8;15;13;1;1;13;1;0;0;0;0;1;0;2;0;0;1
Intel(R) Data Center GPU Max 1550 [0x0bd5];3;13;5;25;30000;623.1;8;8;1;4;13;0;2;0;0;0;1;0;0;1;0;0
Intel(R) Data Center GPU Max 1550 [0x0bd5];3;13;5;26;30000;1383.1;15;13;1;1;13;-2;0;0;0;0;1;0;2;0;0;1
Intel(R) Data Center GPU Max 1550 [0x0bd5];3;13;5;28;30000;491.3;8;8;1;5;13;0;-1;0;0;0;1;0;0;0;0;0
Intel(R) Data Center GPU Max 1550 [0x0bd5];3;13;5;32;30000;737.6;15;13;1;3;13;1;1;0;0;0;1;0;0;0;0;1
Intel(R) Data Center GPU Max 1550 [0x0bd5];3;13;5;45;30000;567.8;4;8;1;1;13;0;1;0;0;0;1;0;2;0;0;0
Intel(R) Data Center GPU Max 1550 [0x0bd5];3;13;6;20;30000;1534.0;15;13;1;1;13;1;0;0;0;0;1;0;2;2;0;1
Intel(R) Data Center GPU Max 1550 [0x0bd5];3;13;6;32;30000;1755.1;15;13;1;1;13;-1;0;0;0;0;1;0;0;0;0;1
Intel(R) Data Center GPU Max 1550 [0x0bd5];3;13;7;4;30000;927.7;15;13;1;12;13;-1;0;0;0;0;1;0;2;0;0;1
Intel(R) Data Center GPU Max 1550 [0x0bd5];3;13;7;5;30000;1052.1;15;13;1;11;13;-1;0;0;0;0;1;0;0;0;0;1
Intel(R) Data Center GPU Max 1550 [0x0bd5];3;13;7;7;30000;1298.0;15;13;1;1;13;-1;0;0;0;0;1;0;2;0;0;1
Intel(R) Data Center GPU Max 1550 [0x0bd5];3;13;7;9;30000;1433.8;15;13;1;10;13;0;-2;0;0;0;1;0;0;0;0;1
Intel(R) Data Center GPU Max 1550 [0x0bd5];3;13;7;13;30000;768.4;9;8;1;4;1;0;2;0;0;0;1;0;2;2;0;0
Intel(R) Data Center GPU Max 1550 [0x0bd5];3;13;7;25;30000;1760.7;16;13;1;1;13;1;0;0;0;0;1;0;0;0;0;1
Intel(R) Data Center GPU Max 1550 [0x0bd5];3;13;7;26;30000;1297.8;8;13;1;1;13;-2;0;0;0;0;1;0;2;0;0;0
Intel(R) Data Center GPU Max 1550 [0x0bd5];3;13;7;28;30000;2043.2;15;13;1;1;13;0;0;0;0;0;1;0;2;0;0;1
Intel(R) Data Center GPU Max 1550 [0x0bd5];3;13;7;32;30000;769.3;8;8;1;1;13;-1;0;0;0;0;1;0;2;0;0;0
Intel(R) Data Center GPU Max 1550 [0x0bd5];3;13;7;45;30000;2081.0;15;13;1;1;13;0;0;0;0;0;1;0;0;0;0;1
Intel(R) Data Center GPU Max 1550 [0x0bd5];3;13;9;4;30000;1050.8;15;13;1;4;13;-2;1;0;0;0;1;0;2;0;0;1
Intel(R) Data Center GPU Max 1550 [0x0bd5];3;13;9;5;30000;1215.9;15;13;1;9;13;1;0;0;0;0;1;0;2;0;0;1
Intel(R) Data Center GPU Max 1550 [0x0bd5];3;13;9;7;30000;1521.3;15;13;1;1;13;-2;0;0;0;0;1;0;0;0;0;1
Intel(R) Data Center GPU Max 1550 [0x0bd5];3;13;9;9;30000;1678.6;15;13;1;3;13;1;-1;0;0;0;1;0;0;0;0;1
Intel(R) Data Center GPU Max 1550 [0x0bd5];3;13;9;13;30000;1900.0;15;13;1;13;13;-2;0;0;0;0;1;0;2;0;0;1
Intel(R) Data Center GPU Max 1550 [0x0bd5];3;13;9;25;30000;2237.5;15;13;1;1;13;0;0;0;0;0;1;0;0;0;0;1
Intel(R) Data Center GPU Max 1550 [0x0bd5];3;13;9;26;30000;2271.4;15;13;1;1;13;1;0;0;0;0;1;0;2;0;0;1
Intel(R) Data Center GPU Max 1550 [0x0bd5];3;13;9;28;30000;2400.1;15;13;1;1;13;0;0;0;0;0;1;0;0;0;0;1
Intel(R) Data Center GPU Max 1550 [0x0bd5];3;13;9;32;30000;2382.9;15;13;1;1;13;-1;0;0;0;0;1;0;2;0;0;1
Intel(R) Data Center GPU Max 1550 [0x0bd5];3;13;9;45;30000;2460.3;15;13;1;1;13;-2;0;0;0;0;1;0;0;0;0;1
Intel(R) Data Center GPU Max 1550 [0x0bd5];3;13;13;4;30000;819.5;10;8;1;11;1;-1;0;0;0;0;1;0;2;2;0;0
Intel(R) Data Center GPU Max 1550 [0x0bd5];3;13;13;5;30000;867.3;10;8;1;6;13;-2;2;0;0;0;1;0;2;0;0;0
Intel(R) Data Center GPU Max 1550 [0x0bd5];3;13;13;7;30000;1932.1;15;13;1;1;13;-1;0;0;0;0;1;0;2;2;0;1
Intel(R) Data Center GPU Max 1550 [0x0bd5];3;13;13;9;30000;2220.1;15;13;1;1;13;1;-1;0;0;0;1;0;2;2;0;1
Intel(R) Data Center GPU Max 1550 [0x0bd5];3;13;13;13;30000;1155.5;8;8;1;1;1;-1;0;0;0;0;1;0;2;0;0;0
Intel(R) Data Center GPU Max 1550 [0x0bd5];3;13;13;14;30000;2716.0;15;13;1;1;13;0;0;0;0;0;1;0;0;2;0;1
Intel(R) Data Center GPU Max 1550 [0x0bd5];3;13;13;17;30000;2869.6;15;13;1;1;13;0;0;0;0;0;1;0;0;0;0;1
Intel(R) Data Center GPU Max 1550 [0x0bd5];3;13;13;20;30000;2988.6;15;13;1;1;13;-2;-1;0;0;0;1;0;2;0;0;1
Intel(R) Data Center GPU Max 1550 [0x0bd5];3;13;13;24;30000;3094.9;15;13;1;1;13;0;0;0;0;0;1;0;2;2;0;1
Intel(R) Data Center GPU Max 1550 [0x0bd5];3;13;13;25;30000;3168.9;15;13;1;1;13;-2;-2;0;0;0;1;0;2;0;0;1
Intel(R) Data Center GPU Max 1550 [0x0bd5];3;13;13;26;30000;3180.3;15;13;1;1;13;-1;-2;0;0;0;1;0;2;0;0;1
Intel(R) Data Center GPU Max 1550 [0x0bd5];3;13;13;28;30000;3433.5;15;13;1;1;13;0;-2;0;0;0;1;0;2;0;0;1
Intel(R) Data Center GPU Max 1550 [0x0bd5];3;13;13;32;30000;3236.2;15;13;1;1;13;1;0;0;0;0;1;0;0;0;0;1
Intel(R) Data Center GPU Max 1550 [0x0bd5];3;13;13;45;30000;3392.8;15;13;1;1;13;-2;0;0;0;0;1;0;0;0;0;1
Intel(R) Data Center GPU Max 1550 [0x0bd5];3;13;13;72;30000;1329.1;8;8;1;1;13;0;0;0;0;0;1;0;2;0;0;0
Intel(R) Data Center GPU Max 1550 [0x0bd5];3;13;13;81;30000;1274.4;4;8;1;1;13;1;0;0;0;0;1;0;2;0;0;0
Intel(R) Data Center GPU Max 1550 [0x0bd5];3;13;14;13;30000;2634.0;15;13;1;1;14;0;-1;0;0;0;1;0;2;0;0;1
Intel(R) Data Center GPU Max 1550 [0x0bd5];3;13;14;14;30000;2752.9;15;13;1;1;14;-2;-2;0;0;0;1;0;2;0;0;1
Intel(R) Data Center GPU Max 1550 [0x0bd5];3;13;14;25;30000;3238.3;15;13;1;1;14;1;-2;0;0;0;1;0;0;0;0;1
Intel(R) Data Center GPU Max 1550 [0x0bd5];3;13;14;26;30000;3277.8;15;13;1;1;14;1;-2;0;0;0;1;0;2;0;0;1
Intel(R) Data Center GPU Max 1550 [0x0bd5];3;13;14;32;30000;3336.1;15;13;1;1;14;-1;0;0;0;0;1;0;2;0;0;1
Intel(R) Data Center GPU Max 1550 [0x0bd5];3;13;16;5;30000;1639.5;15;13;1;1;16;0;0;0;0;0;1;0;2;2;0;1
Intel(R) Data Center GPU Max 1550 [0x0bd5];3;13;17;4;30000;1465.2;28;13;1;2;17;-1;0;0;0;0;1;0;0;0;0;1
Intel(R) Data Center GPU Max 1550 [0x0bd5];3;13;17;5;30000;1674.4;25;13;1;12;17;-1;0;0;0;0;1;0;2;0;0;1
Intel(R) Data Center GPU Max 1550 [0x0bd5];3;13;17;13;30000;2852.9;15;13;1;1;17;0;-2;0;0;0;1;0;0;0;0;1
Intel(R) Data Center GPU Max 1550 [0x0bd5];3;13;17;17;30000;3009.1;16;13;1;1;17;1;0;0;0;0;1;0;2;2;0;1
Intel(R) Data Center GPU Max 1550 [0x0bd5];3;13;17;32;30000;3385.2;15;13;1;1;17;-1;0;0;0;0;1;0;0;0;0;1
Intel(R) Data Center GPU Max 1550 [0x0bd5];3;13;20;5;30000;1836.0;25;13;1;5;20;-2;-1;0;0;0;1;0;0;0;0;1
Intel(R) Data Center GPU Max 1550 [0x0bd5];3;13;20;6;30000;2071.1;25;13;1;1;20;0;-1;0;0;0;1;0;2;2;0;1
Intel(R) Data Center GPU Max 1550 [0x0bd5];3;13;20;13;30000;2962.6;15;13;1;1;20;-1;0;0;0;0;1;0;2;0;0;1
Intel(R) Data Center GPU Max 1550 [0x0bd5];3;13;20;20;30000;3475.1;16;13;1;1;20;-2;0;0;0;0;1;0;0;2;0;1
Intel(R) Data Center GPU Max 1550 [0x0bd5];3;13;20;32;30000;3817.9;15;13;1;1;20;0;0;0;0;0;1;0;2;0;0;1
Intel(R) Data Center GPU Max 1550 [0x0bd5];3;13;24;5;30000;2006.2;28;13;1;9;24;-1;-1;0;0;0;1;0;0;0;0;1
Intel(R) Data Center GPU Max 1550 [0x0bd5];3;13;24;13;30000;3255.1;25;13;1;11;24;-2;0;0;0;0;1;0;2;0;0;1
Intel(R) Data Center GPU Max 1550 [0x0bd5];3;13;24;24;30000;4073.2;15;13;1;1;24;0;-2;0;0;0;1;0;2;2;0;1
Intel(R) Data Center GPU Max 1550 [0x0bd5];3;13;24;26;30000;3876.3;15;13;1;6;24;1;-1;0;0;0;1;0;2;0;0;1
Intel(R) Data Center GPU Max 1550 [0x0bd5];3;13;24;32;30000;4309.0;15;13;1;1;24;-2;0;0;0;0;1;0;0;0;0;1
Intel(R) Data Center GPU Max 1550 [0x0bd5];3;13;25;4;30000;1666.6;25;13;1;9;25;1;0;0;0;0;1;0;2;0;0;1
Intel(R) Data Center GPU Max 1550 [0x0bd5];3;13;25;5;30000;1958.3;28;13;1;7;25;-2;-2;0;0;0;1;0;2;0;0;1
Intel(R) Data Center GPU Max 1550 [0x0bd5];3;13;25;7;30000;2451.2;25;13;1;1;25;-2;0;0;0;0;1;0;0;0;0;1
Intel(R) Data Center GPU Max 1550 [0x0bd5];3;13;25;9;30000;2801.0;25;13;1;1;25;0;0;0;0;0;1;0;0;2;0;1
Intel(R) Data Center GPU Max 1550 [0x0bd5];3;13;25;13;30000;3272.6;25;13;1;1;25;0;0;0;0;0;1;0;0;0;0;1
Intel(R) Data Center GPU Max 1550 [0x0bd5];3;13;25;14;30000;3349.9;15;13;1;13;25;0;-1;0;0;0;1;0;2;2;0;1
Intel(R) Data Center GPU Max 1550 [0x0bd5];3;13;25;25;30000;1495.0;10;8;1;5;25;0;-1;0;0;0;1;0;0;2;0;1
Intel(R) Data Center GPU Max 1550 [0x0bd5];3;13;25;26;30000;3813.0;15;13;1;11;25;-2;-1;0;0;0;1;0;1;0;0;1
Intel(R) Data Center GPU Max 1550 [0x0bd5];3;13;25;28;30000;4231.7;15;13;1;1;25;-2;0;0;0;0;1;0;0;0;0;1
Intel(R) Data Center GPU Max 1550 [0x0bd5];3;13;25;32;30000;4130.9;15;13;1;1;25;-2;0;0;0;0;1;0;0;0;0;1
Intel(R) Data Center GPU Max 1550 [0x0bd5];3;13;25;45;30000;4263.6;15;13;1;1;25;0;-1;0;0;0;1;0;0;0;0;1
Intel(R) Data Center GPU Max 1550 [0x0bd5];3;13;26;4;30000;1676.8;27;13;1;1;26;0;-2;0;0;0;1;0;0;2;0;1
Intel(R) Data Center GPU Max 1550 [0x0bd5];3;13;26;5;30000;1988.1;25;13;1;13;26;-2;0;0;0;0;1;0;2;0;0;1
Intel(R) Data Center GPU Max 1550 [0x0bd5];3;13;26;7;30000;2516.1;25;13;1;1;26;0;0;0;0;0;1;0;0;0;0;1
Intel(R) Data Center GPU Max 1550 [0x0bd5];3;13;26;9;30000;2884.4;25;13;1;1;26;0;-1;0;0;0;1;0;0;0;0;1
Intel(R) Data Center GPU Max 1550 [0x0bd5];3;13;26;13;30000;3436.1;16;13;1;1;26;0;-1;0;0;0;1;0;2;2;0;1
Intel(R) Data Center GPU Max 1550 [0x0bd5];3;13;26;14;30000;3317.9;25;13;1;1;26;-2;0;0;0;0;1;0;2;2;0;1
Intel(R) Data Center GPU Max 1550 [0x0bd5];3;13;26;24;30000;4118.7;16;13;1;1;26;0;-2;0;0;0;1;0;0;2;0;1
Intel(R) Data Center GPU Max 1550 [0x0bd5];3;13;26;25;30000;4143.1;15;13;1;1;26;0;-2;0;0;0;1;0;2;0;0;1
Intel(R) Data Center GPU Max 1550 [0x0bd5];3;13;26;26;30000;4187.4;15;13;1;1;26;0;0;0;0;0;1;0;2;0;0;1
Intel(R) Data Center GPU Max 1550 [0x0bd5];3;13;26;28;30000;4390.4;16;13;1;1;26;1;0;0;0;0;1;0;2;0;0;1
Intel(R) Data Center GPU Max 1550 [0x0bd5];3;13;26;32;30000;4387.2;15;13;1;1;26;1;0;0;0;0;1;0;0;0;0;1
Intel(R) Data Center GPU Max 1550 [0x0bd5];3;13;26;45;30000;4415.6;15;13;1;1;26;-1;0;0;0;0;1;0;0;0;0;1
Intel(R) Data Center GPU Max 1550 [0x0bd5];3;13;28;4;30000;1742.4;30;13;1;1;28;-1;0;0;0;0;1;0;0;0;0;1
Intel(R) Data Center GPU Max 1550 [0x0bd5];3;13;28;5;30000;2013.7;30;13;1;5;28;-1;0;0;0;0;1;0;0;0;0;1
Intel(R) Data Center GPU Max 1550 [0x0bd5];3;13;28;7;30000;2570.4;25;13;1;1;28;0;0;0;0;0;1;0;2;2;0;1
Intel(R) Data Center GPU Max 1550 [0x0bd5];3;13;28;9;30000;2939.3;25;13;1;1;28;0;-1;0;0;0;1;0;2;2;0;1
Intel(R) Data Center GPU Max 1550 [0x0bd5];3;13;28;13;30000;3465.9;25;13;1;1;28;0;-1;0;0;0;1;0;2;0;0;1
Intel(R) Data Center GPU Max 1550 [0x0bd5];3;13;28;25;30000;4226.4;15;13;1;1;28;1;0;0;0;0;1;0;2;0;0;1
Intel(R) Data Center GPU Max 1550 [0x0bd5];3;13;28;26;30000;4318.7;15;13;1;1;28;0;-2;0;0;0;1;0;2;0;0;1
Intel(R) Data Center GPU Max 1550 [0x0bd5];3;13;28;28;30000;4579.5;15;13;1;1;28;1;0;0;0;0;1;0;0;0;0;1
Intel(R) Data Center GPU Max 1550 [0x0bd5];3;13;28;32;30000;4611.1;15;13;1;1;28;-2;0;0;0;0;1;0;2;0;0;1
Intel(R) Data Center GPU Max 1550 [0x0bd5];3;13;28;45;30000;4618.5;15;13;1;1;28;0;0;0;0;0;1;0;0;0;0;1
Intel(R) Data Center GPU Max 1550 [0x0bd5];3;13;32;4;30000;1840.2;30;13;1;1;32;-1;-2;0;0;0;1;0;2;2;0;1
Intel(R) Data Center GPU Max 1550 [0x0bd5];3;13;32;5;30000;2184.1;30;13;1;5;32;-2;0;0;0;0;1;0;2;0;0;1
Intel(R) Data Center GPU Max 1550 [0x0bd5];3;13;32;6;30000;2467.0;28;13;1;1;32;-1;-2;0;0;0;1;0;0;0;0;1
Intel(R) Data Center GPU Max 1550 [0x0bd5];3;13;32;7;30000;2769.5;30;13;1;1;32;-1;0;0;0;0;1;0;0;2;0;1
Intel(R) Data Center GPU Max 1550 [0x0bd5];3;13;32;9;30000;3179.5;25;13;1;1;32;-2;0;0;0;0;1;0;0;2;0;1
Intel(R) Data Center GPU Max 1550 [0x0bd5];3;13;32;13;30000;3846.8;25;13;1;1;32;-2;-2;0;0;0;1;0;2;0;0;1
Intel(R) Data Center GPU Max 1550 [0x0bd5];3;13;32;14;30000;4006.8;25;13;1;1;32;-2;0;0;0;0;1;0;2;0;0;1
Intel(R) Data Center GPU Max 1550 [0x0bd5];3;13;32;17;30000;4633.5;25;13;1;1;32;-1;-2;0;0;0;1;0;2;2;0;1
Intel(R) Data Center GPU Max 1550 [0x0bd5];3;13;32;20;30000;4409.6;25;13;1;1;32;-2;0;0;0;0;1;0;2;0;0;1
Intel(R) Data Center GPU Max 1550 [0x0bd5];3;13;32;24;30000;4709.8;25;13;1;1;32;0;0;0;0;0;1;0;2;0;0;1
Intel(R) Data Center GPU Max 1550 [0x0bd5];3;13;32;25;30000;4896.7;16;13;1;1;32;-2;0;0;0;0;1;0;0;0;0;1
Intel(R) Data Center GPU Max 1550 [0x0bd5];3;13;32;26;30000;5053.0;16;13;1;1;32;0;-2;0;0;0;1;0;2;0;0;1
Intel(R) Data Center GPU Max 1550 [0x0bd5];3;13;32;28;30000;4932.0;15;13;1;1;32;-1;0;0;0;0;1;0;0;0;0;1
Intel(R) Data Center GPU Max 1550 [0x0bd5];3;13;32;32;30000;5102.4;15;13;1;1;1;1;0;0;0;0;1;0;0;0;0;1
Intel(R) Data Center GPU Max 1550 [0x0bd5];3;13;32;45;30000;5447.6;15;13;1;1;32;1;0;0;0;0;1;0;0;0;0;1
Intel(R) Data Center GPU Max 1550 [0x0bd5];3;13;45;4;30000;2009.9;32;13;1;11;45;-1;-1;0;0;0;1;0;0;2;0;1
Intel(R) Data Center GPU Max 1550 [0x0bd5];3;13;45;5;30000;2322.7;31;13;1;4;45;0;0;0;0;0;1;0;2;0;0;1
Intel(R) Data Center GPU Max 1550 [0x0bd5];3;13;45;7;30000;2787.0;30;13;1;11;45;-2;0;0;0;0;1;0;0;2;0;0
Intel(R) Data Center GPU Max 1550 [0x0bd5];3;13;45;9;30000;3473.1;32;13;1;11;45;1;-1;0;0;0;1;0;0;0;0;1
Intel(R) Data Center GPU Max 1550 [0x0bd5];3;13;45;13;30000;4146.1;32;13;1;1;45;0;0;0;0;0;1;0;0;0;0;1
Intel(R) Data Center GPU Max 1550 [0x0bd5];3;13;45;25;30000;1872.4;8;8;1;11;45;-2;0;0;0;0;1;0;0;2;0;1
Intel(R) Data Center GPU Max 1550 [0x0bd5];3;13;45;26;30000;4731.7;30;13;1;1;45;-1;0;0;0;0;1;0;2;0;0;1
Intel(R) Data Center GPU Max 1550 [0x0bd5];3;13;45;28;30000;1806.7;8;8;1;12;45;-1;0;0;0;0;1;0;2;0;0;1
Intel(R) Data Center GPU Max 1550 [0x0bd5];3;13;45;32;30000;1833.4;8;8;1;9;45;-2;0;0;0;0;1;0;0;0;0;1
Intel(R) Data Center GPU Max 1550 [0x0bd5];3;13;45;45;30000;4306.9;30;13;1;1;45;-2;0;0;0;0;1;0;2;0;0;1
Intel(R) Data Center GPU Max 1550 [0x0bd5];3;14;5;28;30000;1425.5;15;14;1;1;14;0;0;0;0;0;1;0;0;0;0;1
Intel(R) Data Center GPU Max 1550 [0x0bd5];3;14;13;13;30000;2605.2;15;14;1;1;14;-2;0;0;0;0;1;0;0;2;0;1
Intel(R) Data Center GPU Max 1550 [0x0bd5];3;14;13;14;30000;2719.3;15;14;1;1;14;1;0;0;0;0;1;0;0;0;0;1
Intel(R) Data Center GPU Max 1550 [0x0bd5];3;14;13;25;30000;3203.1;15;14;1;1;14;-2;0;0;0;0;1;0;2;0;0;1
Intel(R) Data Center GPU Max 1550 [0x0bd5];3;14;13;26;30000;2373.8;8;14;1;1;14;-1;0;0;0;0;1;0;0;0;0;0
Intel(R) Data Center GPU Max 1550 [0x0bd5];3;14;13;32;30000;3384.1;15;14;1;1;14;-2;0;0;0;0;1;0;0;0;0;1
Intel(R) Data Center GPU Max 1550 [0x0bd5];3;14;14;13;30000;2761.9;15;14;1;1;14;-2;-1;0;0;0;1;0;0;0;0;1
Intel(R) Data Center GPU Max 1550 [0x0bd5];3;14;14;14;30000;2939.6;15;14;1;1;14;0;-2;0;0;0;1;0;2;0;0;1
Intel(R) Data Center GPU Max 1550 [0x0bd5];3;14;14;16;30000;2977.9;15;14;1;1;14;1;0;0;0;0;1;0;0;2;0;1
Intel(R) Data Center GPU Max 1550 [0x0bd5];3;14;14;25;30000;3539.2;15;14;1;1;14;1;-2;0;0;0;1;0;0;0;0;1
Intel(R) Data Center GPU Max 1550 [0x0bd5];3;14;14;26;30000;3695.2;15;14;1;1;14;-2;-2;0;0;0;1;0;0;0;0;1
Intel(R) Data Center GPU Max 1550 [0x0bd5];3;14;14;28;30000;3470.0;15;14;1;1;14;-2;0;0;0;0;1;0;2;0;0;1
Intel(R) Data Center GPU Max 1550 [0x0bd5];3;14;14;29;30000;3183.7;15;14;1;1;14;-1;-1;0;0;0;1;0;0;0;0;1
Intel(R) Data Center GPU Max 1550 [0x0bd5];3;14;14;32;30000;3598.1;15;14;1;1;14;-2;0;0;0;0;1;0;0;0;0;1
Intel(R) Data Center GPU Max 1550 [0x0bd5];3;14;16;14;30000;3277.6;15;14;1;1;16;0;-2;0;0;0;1;0;0;2;0;1
Intel(R) Data Center GPU Max 1550 [0x0bd5];3;14;16;16;30000;3374.2;15;14;1;1;16;-1;-1;0;0;0;1;0;0;2;0;1
Intel(R) Data Center GPU Max 1550 [0x0bd5];3;14;16;29;30000;3829.6;15;14;1;1;16;0;0;0;0;0;1;0;2;0;0;1
Intel(R) Data Center GPU Max 1550 [0x0bd5];3;14;25;13;30000;3385.2;25;14;1;1;25;1;0;0;0;0;1;0;0;2;0;1
Intel(R) Data Center GPU Max 1550 [0x0bd5];3;14;25;14;30000;3425.6;25;14;1;1;25;1;0;0;0;0;1;0;0;0;0;1
Intel(R) Data Center GPU Max 1550 [0x0bd5];3;14;25;25;30000;4271.8;15;14;1;1;25;0;-2;0;0;0;1;0;2;0;0;1
Intel(R) Data Center GPU Max 1550 [0x0bd5];3;14;25;26;30000;4188.1;15;14;1;12;25;-2;-2;0;0;0;1;0;1;0;0;1
Intel(R) Data Center GPU Max 1550 [0x0bd5];3;14;25;32;30000;4344.9;15;14;1;1;25;0;0;0;0;0;1;0;2;0;0;1
Intel(R) Data Center GPU Max 1550 [0x0bd5];3;14;26;13;30000;3597.7;25;14;1;1;26;0;-1;0;0;0;1;0;2;2;0;1
Intel(R) Data Center GPU Max 1550 [0x0bd5];3;14;26;14;30000;3560.5;25;14;1;1;26;0;0;0;0;0;1;0;0;2;0;1
Intel(R) Data Center GPU Max 1550 [0x0bd5];3;14;26;25;30000;4601.8;16;14;1;1;26;0;-2;0;0;0;1;0;0;0;0;1
Intel(R) Data Center GPU Max 1550 [0x0bd5];3;14;26;26;30000;4360.7;15;14;1;5;26;-1;1;0;0;0;1;0;1;0;0;1
Intel(R) Data Center GPU Max 1550 [0x0bd5];3;14;26;32;30000;4582.1;15;14;1;1;26;1;0;0;0;0;1;0;2;0;0;1
Intel(R) Data Center GPU Max 1550 [0x0bd5];3;14;28;5;30000;2104.5;42;14;1;4;28;-1;1;0;0;0;1;0;0;0;0;1
Intel(R) Data Center GPU Max 1550 [0x0bd5];3;14;28;14;30000;3798.2;25;14;1;1;28;0;-2;0;0;0;1;0;0;2;0;1
Intel(R) Data Center GPU Max 1550 [0x0bd5];3;14;28;28;30000;4540.2;15;14;1;10;28;0;-2;0;0;0;1;0;1;0;0;1
Intel(R) Data Center GPU Max 1550 [0x0bd5];3;14;29;14;30000;3691.8;25;14;1;1;29;-1;0;0;0;0;1;0;2;2;0;1
Intel(R) Data Center GPU Max 1550 [0x0bd5];3;14;29;16;30000;3858.8;15;14;1;1;29;0;0;0;0;0;1;0;0;0;0;1
Intel(R) Data Center GPU Max 1550 [0x0bd5];3;14;29;29;30000;4547.9;15;14;1;1;29;-1;0;0;0;0;1;0;0;0;0;1
Intel(R) Data Center GPU Max 1550 [0x0bd5];3;14;29;32;30000;4798.7;15;14;1;1;29;-2;0;0;0;0;1;0;2;0;0;1
Intel(R) Data Center GPU Max 1550 [0x0bd5];3;14;32;13;30000;4051.1;25;14;1;1;32;-2;0;0;0;0;1;0;0;0;0;1
Intel(R) Data Center GPU Max 1550 [0x0bd5];3;14;32;14;30000;4198.5;25;14;1;1;32;-2;0;0;0;0;1;0;0;2;0;1
Intel(R) Data Center GPU Max 1550 [0x0bd5];3;14;32;25;30000;4895.0;15;14;1;1;32;-2;-1;0;0;0;1;0;0;0;0;1
Intel(R) Data Center GPU Max 1550 [0x0bd5];3;14;32;26;30000;5153.3;25;14;1;1;32;0;-2;0;0;0;1;0;2;0;0;1
Intel(R) Data Center GPU Max 1550 [0x0bd5];3;14;32;29;30000;5019.7;15;14;1;1;32;0;0;0;0;0;1;0;2;0;0;1
Intel(R) Data Center GPU Max 1550 [0x0bd5];3;14;32;32;30000;5195.4;16;14;1;1;32;-2;0;0;0;0;1;0;2;0;0;1
Intel(R) Data Center GPU Max 1550 [0x0bd5];3;15;4;4;30000;635.7;15;15;1;11;15;0;0;0;0;0;1;0;0;0;0;1
Intel(R) Data Center GPU Max 1550 [0x0bd5];3;15;4;10;30000;1004.2;15;15;1;7;15;0;1;0;0;0;1;0;2;0;0;1
Intel(R) Data Center GPU Max 1550 [0x0bd5];3;15;4;15;30000;1135.8;15;15;1;10;15;-1;0;0;0;0;1;0;2;0;0;1
Intel(R) Data Center GPU Max 1550 [0x0bd5];3;15;10;4;30000;1234.7;15;15;1;12;15;1;0;0;0;0;1;0;2;0;0;1
Intel(R) Data Center GPU Max 1550 [0x0bd5];3;15;10;10;30000;2135.2;15;15;1;10;15;1;0;0;0;0;1;0;2;0;0;1
Intel(R) Data Center GPU Max 1550 [0x0bd5];3;15;10;15;30000;2345.6;15;15;1;9;15;0;0;0;0;0;1;0;0;0;0;1
Intel(R) Data Center GPU Max 1550 [0x0bd5];3;15;15;4;30000;976.3;15;8;1;11;15;0;0;0;0;0;1;0;2;2;0;0
Intel(R) Data Center GPU Max 1550 [0x0bd5];3;15;15;10;30000;2655.8;17;15;1;5;15;-1;0;0;0;0;1;0;0;2;0;1
Intel(R) Data Center GPU Max 1550 [0x0bd5];3;15;15;15;30000;3036.3;15;15;1;2;15;-1;0;0;0;0;1;0;0;0;0;1
Intel(R) Data Center GPU Max 1550 [0x0bd5];3;16;5;5;30000;887.8;15;16;1;15;16;1;-1;0;0;0;1;0;0;2;0;1
Intel(R) Data Center GPU Max 1550 [0x0bd5];3;16;5;13;30000;1221.8;15;8;1;15;16;-2;0;0;0;0;1;0;0;0;0;1
Intel(R) Data Center GPU Max 1550 [0x0bd5];3;16;5;16;30000;1392.3;15;16;1;1;16;0;0;0;0;0;1;0;2;0;0;1
Intel(R) Data Center GPU Max 1550 [0x0bd5];3;16;5;24;30000;1116.7;8;16;1;1;1;-1;0;0;0;0;1;0;2;0;0;0
Intel(R) Data Center GPU Max 1550 [0x0bd5];3;16;5;26;30000;1400.7;15;16;1;1;16;0;0;0;0;0;1;0;2;0;0;1
Intel(R) Data Center GPU Max 1550 [0x0bd5];3;16;7;3;30000;737.9;15;8;1;10;1;1;0;0;0;0;1;0;2;0;0;0
Intel(R) Data Center GPU Max 1550 [0x0bd5];3;16;9;9;30000;1878.8;15;16;1;2;16;1;0;0;0;0;1;0;0;2;0;1
Intel(R) Data Center GPU Max 1550 [0x0bd5];3;16;9;16;30000;1940.2;15;16;1;14;16;-1;-1;0;0;0;1;0;1;0;0;1
Intel(R) Data Center GPU Max 1550 [0x0bd5];3;16;9;22;30000;2229.7;15;16;1;1;16;-1;0;0;0;0;1;0;0;0;0;1
Intel(R) Data Center GPU Max 1550 [0x0bd5];3;16;13;5;30000;1497.4;15;16;1;6;1;0;0;0;0;0;1;0;0;2;0;0
Intel(R) Data Center GPU Max 1550 [0x0bd5];3;16;14;14;30000;3004.4;15;16;1;3;16;0;0;0;0;0;1;0;0;0;0;1
Intel(R) Data Center GPU Max 1550 [0x0bd5];3;16;14;16;30000;3103.2;15;16;1;1;16;-1;0;0;0;0;1;0;0;2;0;1
Intel(R) Data Center GPU Max 1550 [0x0bd5];3;16;14;29;30000;3337.2;15;16;1;1;16;0;0;0;0;0;1;0;2;0;0;1
Intel(R) Data Center GPU Max 1550 [0x0bd5];3;16;16;5;30000;1638.9;15;16;1;16;1;1;0;0;0;0;1;0;0;2;0;0
Intel(R) Data Center GPU Max 1550 [0x0bd5];3;16;16;9;30000;2681.5;15;16;1;3;16;0;0;0;0;0;1;0;0;2;0;1
Intel(R) Data Center GPU Max 1550 [0x0bd5];3;16;16;14;30000;3369.4;15;16;1;1;16;-2;0;0;0;0;1;0;0;0;0;1
Intel(R) Data Center GPU Max 1550 [0x0bd5];3;16;16;16;30000;3628.0;15;16;1;1;16;0;-1;0;0;0;1;0;0;2;0;1
Intel(R) Data Center GPU Max 1550 [0x0bd5];3;16;16;22;30000;3899.2;15;16;1;1;1;-2;-1;0;0;0;1;0;0;0;0;1
Intel(R) Data Center GPU Max 1550 [0x0bd5];3;16;16;29;30000;2347.0;8;8;1;1;16;1;1;0;0;0;1;0;2;0;0;0
Intel(R) Data Center GPU Max 1550 [0x0bd5];3;16;16;55;30000;2474.5;8;8;1;1;16;0;2;0;0;0;1;0;2;0;0;0
Intel(R) Data Center GPU Max 1550 [0x0bd5];3;16;22;9;30000;2994.7;25;16;1;12;22;-2;0;0;0;0;1;0;0;0;0;1
Intel(R) Data Center GPU Max 1550 [0x0bd5];3;16;22;16;30000;3724.7;18;16;1;1;22;0;-1;0;0;0;1;0;2;0;0;1
Intel(R) Data Center GPU Max 1550 [0x0bd5];3;16;22;22;30000;3906.2;15;16;1;15;22;-2;-2;0;0;0;1;0;1;0;0;1
Intel(R) Data Center GPU Max 1550 [0x0bd5];3;16;24;5;30000;2150.5;30;16;1;7;24;1;0;0;0;0;1;0;2;0;0;1
Intel(R) Data Center GPU Max 1550 [0x0bd5];3;16;26;5;30000;2227.3;30;16;1;8;26;-1;-1;0;0;0;1;0;0;0;0;1
Intel(R) Data Center GPU Max 1550 [0x0bd5];3;16;29;14;30000;3917.2;18;16;1;5;29;0;1;0;0;0;1;0;0;2;0;1
Intel(R) Data Center GPU Max 1550 [0x0bd5];3;16;29;16;30000;4288.2;25;16;1;1;29;0;-1;0;0;0;1;0;2;2;0;1
Intel(R) Data Center GPU Max 1550 [0x0bd5];3;16;29;29;30000;5120.0;15;16;1;1;29;0;0;0;0;0;1;0;2;0;0;1
Intel(R) Data Center GPU Max 1550 [0x0bd5];3;16;29;55;30000;5162.0;15;16;1;1;29;0;0;0;0;0;1;0;0;0;0;1
Intel(R) Data Center GPU Max 1550 [0x0bd5];3;16;55;16;30000;5275.6;32;16;1;1;55;0;-2;0;0;0;1;0;0;0;0;1
Intel(R) Data Center GPU Max 1550 [0x0bd5];3;16;55;29;30000;5120.3;30;16;1;1;55;1;0;0;0;0;1;0;0;0;0;1
Intel(R) Data Center GPU Max 1550 [0x0bd5];3;16;55;55;30000;4566.1;30;16;1;1;55;0;0;0;0;0;1;0;0;0;0;1
Intel(R) Data Center GPU Max 1550 [0x0bd5];3;17;1;1;30000;65.7;15;17;1;6;17;1;-2;0;0;0;1;0;0;0;0;0
Intel(R) Data Center GPU Max 1550 [0x0bd5];3;17;4;4;30000;662.1;15;17;1;15;17;-1;0;0;0;0;1;0;0;2;0;1
Intel(R) Data Center GPU Max 1550 [0x0bd5];3;17;4;5;30000;765.0;15;17;1;6;17;-2;1;0;0;0;1;0;2;0;0;1
Intel(R) Data Center GPU Max 1550 [0x0bd5];3;17;4;13;30000;1098.9;15;17;1;1;17;1;0;0;0;0;1;0;0;0;0;1
Intel(R) Data Center GPU Max 1550 [0x0bd5];3;17;4;17;30000;675.9;8;8;1;5;1;0;0;0;0;0;1;0;2;0;0;0
Intel(R) Data Center GPU Max 1550 [0x0bd5];3;17;4;32;30000;511.6;4;8;1;17;1;-2;-1;0;0;0;1;0;0;0;0;0
Intel(R) Data Center GPU Max 1550 [0x0bd5];3;17;5;4;30000;799.0;15;17;1;17;17;0;-1;0;0;0;1;0;2;2;0;1
Intel(R) Data Center GPU Max 1550 [0x0bd5];3;17;5;5;30000;931.9;15;17;1;5;17;-1;0;0;0;0;1;0;2;0;0;1
Intel(R) Data Center GPU Max 1550 [0x0bd5];3;17;5;13;30000;1358.0;15;17;1;1;17;0;0;0;0;0;1;0;2;0;0;1
Intel(R) Data Center GPU Max 1550 [0x0bd5];3;17;5;17;30000;801.4;8;8;1;1;1;0;1;0;0;0;1;0;2;0;0;0
Intel(R) Data Center GPU Max 1550 [0x0bd5];3;17;5;32;30000;619.9;8;8;1;2;1;0;-1;0;0;0;1;0;0;0;0;0
Intel(R) Data Center GPU Max 1550 [0x0bd5];3;17;13;4;30000;1450.1;25;17;1;10;17;-1;-2;0;0;0;1;0;2;2;0;1
Intel(R) Data Center GPU Max 1550 [0x0bd5];3;17;13;5;30000;1689.2;25;17;1;10;17;0;0;0;0;0;1;0;0;0;0;1
Intel(R) Data Center GPU Max 1550 [0x0bd5];3;17;13;13;30000;2787.5;15;17;1;1;17;0;0;0;0;0;1;0;2;0;0;1
Intel(R) Data Center GPU Max 1550 [0x0bd5];3;17;13;17;30000;1078.7;7;8;1;1;1;1;0;0;0;0;1;0;2;0;0;0
Intel(R) Data Center GPU Max 1550 [0x0bd5];3;17;13;32;30000;1172.8;3;8;1;1;1;-2;-2;0;0;0;1;0;2;0;0;0
Intel(R) Data Center GPU Max 1550 [0x0bd5];3;17;17;4;30000;1599.2;25;17;1;17;17;1;-1;0;0;0;1;0;2;2;0;1
Intel(R) Data Center GPU Max 1550 [0x0bd5];3;17;17;5;30000;1886.0;25;17;1;5;17;-1;1;0;0;0;1;0;2;0;0;1
Intel(R) Data Center GPU Max 1550 [0x0bd5];3;17;17;13;30000;2925.7;18;17;1;1;17;1;0;0;0;0;1;0;2;0;0;1
Intel(R) Data Center GPU Max 1550 [0x0bd5];3;17;17;17;30000;3232.5;16;17;1;1;17;1;0;0;0;0;1;0;2;0;0;1
Intel(R) Data Center GPU Max 1550 [0x0bd5];3;17;17;32;30000;3692.5;15;17;1;1;1;-2;0;0;0;0;1;0;0;0;0;1
Intel(R) Data Center GPU Max 1550 [0x0bd5];3;17;17;35;30000;3731.7;15;17;1;1;1;1;0;0;0;0;1;0;0;0;0;1
Intel(R) Data Center GPU Max 1550 [0x0bd5];3;17;32;4;30000;1985.0;30;17;1;9;32;-1;0;0;0;0;1;0;2;0;0;1
Intel(R) Data Center GPU Max 1550 [0x0bd5];3;17;32;5;30000;2372.9;41;17;1;2;32;1;-1;0;0;0;1;0;0;2;0;1
Intel(R) Data Center GPU Max 1550 [0x0bd5];3;17;32;13;30000;4283.3;25;17;1;1;32;0;0;0;0;0;1;0;2;0;0;1
Intel(R) Data Center GPU Max 1550 [0x0bd5];3;17;32;17;30000;4752.5;25;17;1;1;1;1;-2;0;0;0;1;0;0;0;0;1
Intel(R) Data Center GPU Max 1550 [0x0bd5];3;17;32;32;30000;5587.6;16;17;1;1;1;-1;-1;0;0;0;1;0;2;0;0;1
Intel(R) Data Center GPU Max 1550 [0x0bd5];3;17;32;35;30000;5762.7;15;17;1;1;1;0;0;0;0;0;1;0;0;0;0;1
Intel(R) Data Center GPU Max 1550 [0x0bd5];3;17;35;17;30000;4496.0;30;17;1;1;1;-1;0;0;0;0;1;0;0;0;0;1
Intel(R) Data Center GPU Max 1550 [0x0bd5];3;17;35;32;30000;3962.0;10;17;1;1;1;-2;0;0;0;0;1;0;2;0;0;1
Intel(R) Data Center GPU Max 1550 [0x0bd5];3;17;35;35;30000;4010.6;10;17;1;1;1;-2;0;0;0;0;1;0;2;0;0;1
Intel(R) Data Center GPU Max 1550 [0x0bd5];3;20;20;5;30000;2115.3;28;20;1;4;20;0;-1;0;0;0;1;0;0;2;0;1
Intel(R) Data Center GPU Max 1550 [0x0bd5];3;20;20;6;30000;2354.5;25;20;1;8;20;-1;0;0;0;0;1;0;0;2;0;1
Intel(R) Data Center GPU Max 1550 [0x0bd5];3;20;20;20;30000;3944.8;15;20;1;1;20;0;-1;0;0;0;1;0;0;0;0;1
Intel(R) Data Center GPU Max 1550 [0x0bd5];3;20;20;32;30000;4300.7;15;20;1;1;20;0;0;0;0;0;1;0;2;0;0;1
Intel(R) Data Center GPU Max 1550 [0x0bd5];3;20;32;5;30000;2528.1;50;20;1;15;32;1;0;0;0;0;1;0;0;0;0;1
Intel(R) Data Center GPU Max 1550 [0x0bd5];3;20;32;6;30000;2743.7;41;20;1;4;32;1;0;0;0;0;1;0;0;0;0;1
Intel(R) Data Center GPU Max 1550 [0x0bd5];3;20;32;13;30000;1930.0;11;8;1;14;32;0;1;0;0;0;1;0;0;2;0;1
Intel(R) Data Center GPU Max 1550 [0x0bd5];3;20;32;20;30000;5137.4;25;20;1;1;32;-1;0;0;0;0;1;0;0;0;0;1
Intel(R) Data Center GPU Max 1550 [0x0bd5];3;20;32;32;30000;5706.0;16;20;1;1;32;1;0;0;0;0;1;0;0;0;0;1
Intel(R) Data Center GPU Max 1550 [0x0bd5];3;22;9;9;30000;1237.2;15;8;1;9;22;-1;0;0;0;0;1;0;0;0;0;1
Intel(R) Data Center GPU Max 1550 [0x0bd5];3;22;9;16;30000;1361.4;15;8;1;22;22;-1;3;0;0;0;1;0;2;0;0;1
Intel(R) Data Center GPU Max 1550 [0x0bd5];3;22;9;22;30000;2627.8;15;22;1;1;22;-1;0;0;0;0;1;0;0;0;0;1
Intel(R) Data Center GPU Max 1550 [0x0bd5];3;22;9;32;30000;713.4;15;8;1;7;1;0;-1;0;0;0;1;0;0;0;0;0
Intel(R) Data Center GPU Max 1550 [0x0bd5];3;22;16;9;30000;1573.2;15;8;1;4;22;-2;2;0;0;0;1;0;0;2;0;1
Intel(R) Data Center GPU Max 1550 [0x0bd5];3;22;16;16;30000;2775.1;15;22;1;13;22;1;-2;0;0;0;1;0;1;0;0;1
Intel(R) Data Center GPU Max 1550 [0x0bd5];3;22;16;22;30000;3969.2;15;22;1;1;22;-2;0;0;0;0;1;0;0;0;0;1
Intel(R) Data Center GPU Max 1550 [0x0bd5];3;22;22;9;30000;1384.6;12;8;1;17;22;-2;3;0;0;0;1;0;2;0;0;1
Intel(R) Data Center GPU Max 1550 [0x0bd5];3;22;22;16;30000;3592.0;16;22;1;1;22;0;-2;0;0;0;1;0;2;1;0;1
Intel(R) Data Center GPU Max 1550 [0x0bd5];3;22;22;22;30000;4230.1;15;22;1;1;1;1;0;0;0;0;1;0;2;0;0;1
Intel(R) Data Center GPU Max 1550 [0x0bd5];3;22;22;32;30000;4719.7;15;22;1;1;1;-2;0;0;0;0;1;0;2;0;0;1
Intel(R) Data Center GPU Max 1550 [0x0bd5];3;22;32;9;30000;1829.3;17;8;1;9;1;-1;0;0;0;0;1;0;0;2;0;1
Intel(R) Data Center GPU Max 1550 [0x0bd5];3;22;32;22;30000;5227.7;25;22;1;1;1;-2;0;0;0;0;1;0;0;0;0;1
Intel(R) Data Center GPU Max 1550 [0x0bd5];3;22;32;32;30000;5858.0;16;22;1;1;1;0;0;0;0;0;1;0;2;0;0;1
Intel(R) Data Center GPU Max 1550 [0x0bd5];3;23;23;23;30000;3454.9;8;23;1;1;23;0;0;0;0;0;1;0;2;0;0;0
Intel(R) Data Center GPU Max 1550 [0x0bd5];3;24;5;5;30000;1098.7;15;24;1;18;24;0;0;0;0;0;1;0;2;0;0;1
Intel(R) Data Center GPU Max 1550 [0x0bd5];3;24;5;13;30000;1107.2;8;8;1;1;1;0;0;0;0;0;1;0;0;0;0;0
Intel(R) Data Center GPU Max 1550 [0x0bd5];3;24;5;16;30000;1655.1;15;8;1;17;24;-2;0;0;0;0;1;0;0;0;0;1
Intel(R) Data Center GPU Max 1550 [0x0bd5];3;24;5;24;30000;1789.0;15;8;1;11;24;0;0;0;0;0;1;0;2;2;0;1
Intel(R) Data Center GPU Max 1550 [0x0bd5];3;24;5;26;30000;1766.7;15;8;1;14;24;1;0;0;0;0;1;0;2;2;0;1
Intel(R) Data Center GPU Max 1550 [0x0bd5];3;24;5;32;30000;1364.3;8;8;1;1;24;-2;-2;0;0;0;1;0;2;0;0;0
Intel(R) Data Center GPU Max 1550 [0x0bd5];3;24;13;5;30000;1437.3;25;8;1;24;1;1;0;0;0;0;1;0;2;0;0;0
Intel(R) Data Center GPU Max 1550 [0x0bd5];3;24;13;13;30000;2967.0;16;24;1;1;24;0;0;0;0;0;1;0;0;0;0;1
Intel(R) Data Center GPU Max 1550 [0x0bd5];3;24;13;24;30000;2093.4;13;8;1;13;24;-2;0;0;0;0;1;0;0;2;0;1
Intel(R) Data Center GPU Max 1550 [0x0bd5];3;24;13;26;30000;3497.6;15;24;1;1;24;-2;0;0;0;0;1;0;0;0;0;1
Intel(R) Data Center GPU Max 1550 [0x0bd5];3;24;13;32;30000;1738.6;5;8;1;1;24;1;0;0;0;0;1;0;2;0;0;0
Intel(R) Data Center GPU Max 1550 [0x0bd5];3;24;16;5;30000;1645.7;15;8;1;21;1;-2;-2;0;0;0;1;0;2;0;0;0
Intel(R) Data Center GPU Max 1550 [0x0bd5];3;24;24;5;30000;2375.8;43;24;1;20;24;-1;-1;0;0;0;1;0;2;0;0;1
Intel(R) Data Center GPU Max 1550 [0x0bd5];3;24;24;13;30000;3689.0;25;24;1;1;24;0;0;0;0;0;1;0;0;0;0;1
Intel(R) Data Center GPU Max 1550 [0x0bd5];3;24;24;24;30000;3353.3;15;24;1;18;1;-1;0;0;0;0;1;0;2;2;0;1
Intel(R) Data Center GPU Max 1550 [0x0bd5];3;24;24;26;30000;4732.1;15;24;1;1;1;0;0;0;0;0;1;0;0;0;0;1
Intel(R) Data Center GPU Max 1550 [0x0bd5];3;24;24;32;30000;2657.8;8;8;1;1;1;0;-2;0;0;0;1;0;0;0;0;0
Intel(R) Data Center GPU Max 1550 [0x0bd5];3;24;26;5;30000;2442.2;46;24;1;22;26;-2;0;0;0;0;1;0;2;0;0;1
Intel(R) Data Center GPU Max 1550 [0x0bd5];3;24;26;13;30000;3885.6;25;24;1;1;26;-1;0;0;0;0;1;0;0;0;0;1
Intel(R) Data Center GPU Max 1550 [0x0bd5];3;24;26;24;30000;2788.6;12;8;1;19;1;0;3;0;0;0;1;0;2;2;0;1
Intel(R) Data Center GPU Max 1550 [0x0bd5];3;24;26;26;30000;4936.9;15;24;1;1;26;1;0;0;0;0;1;0;2;0;0;1
Intel(R) Data Center GPU Max 1550 [0x0bd5];3;24;26;32;30000;2406.7;8;8;1;1;26;1;3;0;0;0;1;0;0;0;0;0
Intel(R) Data Center GPU Max 1550 [0x0bd5];3;24;32;5;30000;2578.4;41;24;1;9;32;-2;0;0;0;0;1;0;2;0;0;1
Intel(R) Data Center GPU Max 1550 [0x0bd5];3;24;32;13;30000;4431.3;25;24;1;1;32;0;0;0;0;0;1;0;0;0;0;1
Intel(R) Data Center GPU Max 1550 [0x0bd5];3;24;32;24;30000;4030.9;15;24;1;21;1;0;0;0;0;0;1;0;2;2;0;1
Intel(R) Data Center GPU Max 1550 [0x0bd5];3;24;32;26;30000;2742.6;13;8;1;13;32;1;0;0;0;0;1;0;2;0;0;1
Intel(R) Data Center GPU Max 1550 [0x0bd5];3;24;32;32;30000;2568.5;12;8;1;1;1;-2;-2;0;0;0;1;0;2;0;0;0
Intel(R) Data Center GPU Max 1550 [0x0bd5];3;25;4;4;30000;794.5;15;25;1;9;25;-1;0;0;0;0;1;0;0;0;0;1
Intel(R) Data Center GPU Max 1550 [0x0bd5];3;25;4;5;30000;749.5;15;25;1;11;25;-2;3;0;0;0;1;0;2;0;0;1
Intel(R) Data Center GPU Max 1550 [0x0bd5];3;25;4;7;30000;909.0;15;8;1;25;25;-2;1;0;0;0;1;0;0;0;0;1
Intel(R) Data Center GPU Max 1550 [0x0bd5];3;25;4;9;30000;952.7;15;8;1;15;25;1;0;0;0;0;1;0;2;2;0;1
Intel(R) Data Center GPU Max 1550 [0x0bd5];3;25;4;13;30000;1064.6;16;8;1;21;25;1;0;0;0;0;1;0;0;0;0;1
Intel(R) Data Center GPU Max 1550 [0x0bd5];3;25;4;25;30000;1319.1;15;25;1;1;25;-2;0;0;0;0;1;0;0;0;0;1
Intel(R) Data Center GPU Max 1550 [0x0bd5];3;25;4;26;30000;1137.4;15;8;1;8;25;1;0;0;0;0;1;0;2;2;0;1
Intel(R) Data Center GPU Max 1550 [0x0bd5];3;25;4;28;30000;1342.2;15;25;1;1;25;0;0;0;0;0;1;0;0;0;0;1
Intel(R) Data Center GPU Max 1550 [0x0bd5];3;25;4;32;30000;1101.0;15;8;1;20;25;-2;-1;0;0;0;1;0;2;0;0;1
Intel(R) Data Center GPU Max 1550 [0x0bd5];3;25;4;45;30000;1411.3;15;25;1;1;25;1;0;0;0;0;1;0;0;0;0;1
Intel(R) Data Center GPU Max 1550 [0x0bd5];3;25;5;4;30000;731.3;15;8;1;18;1;0;0;0;0;0;1;0;2;2;0;0
Intel(R) Data Center GPU Max 1550 [0x0bd5];3;25;5;5;30000;1024.3;15;25;1;2;25;-1;0;0;0;0;1;0;0;2;0;1
Intel(R) Data Center GPU Max 1550 [0x0bd5];3;25;5;7;30000;989.7;15;8;1;10;25;-2;0;0;0;0;1;0;2;2;0;1
Intel(R) Data Center GPU Max 1550 [0x0bd5];3;25;5;9;30000;1043.1;15;8;1;5;25;-2;0;0;0;0;1;0;0;0;0;1
Intel(R) Data Center GPU Max 1550 [0x0bd5];3;25;5;13;30000;1468.6;15;25;1;1;25;1;0;0;0;0;1;0;0;0;0;1
Intel(R) Data Center GPU Max 1550 [0x0bd5];3;25;5;25;30000;1183.5;15;8;1;19;25;0;0;0;0;0;1;0;0;0;0;1
Intel(R) Data Center GPU Max 1550 [0x0bd5];3;25;5;26;30000;1223.6;15;8;1;18;25;1;0;0;0;0;1;0;2;0;0;1
Intel(R) Data Center GPU Max 1550 [0x0bd5];3;25;5;28;30000;1676.2;15;25;1;1;25;-1;0;0;0;0;1;0;0;0;0;1
Intel(R) Data Center GPU Max 1550 [0x0bd5];3;25;5;32;30000;1103.3;15;8;1;20;25;-2;4;0;0;0;1;0;0;0;0;1
Intel(R) Data Center GPU Max 1550 [0x0bd5];3;25;5;45;30000;1699.4;15;25;1;1;25;-2;0;0;0;0;1;0;0;0;0;1
Intel(R) Data Center GPU Max 1550 [0x0bd5];3;25;7;4;30000;1199.5;15;25;1;5;25;-1;-1;0;0;0;1;0;0;0;0;1
Intel(R) Data Center GPU Max 1550 [0x0bd5];3;25;7;5;30000;1286.2;15;25;1;7;25;-1;0;0;0;0;1;0;2;0;0;1
Intel(R) Data Center GPU Max 1550 [0x0bd5];3;25;7;7;30000;1037.4;15;8;1;5;25;-2;0;0;0;0;1;0;0;0;0;1
Intel(R) Data Center GPU Max 1550 [0x0bd5];3;25;7;9;30000;1101.8;8;8;1;1;25;0;4;0;0;0;1;0;2;0;0;0
Intel(R) Data Center GPU Max 1550 [0x0bd5];3;25;7;13;30000;1179.3;15;8;1;7;25;0;0;0;0;0;1;0;0;2;0;1
Intel(R) Data Center GPU Max 1550 [0x0bd5];3;25;7;25;30000;2229.9;15;25;1;1;25;1;0;0;0;0;1;0;0;0;0;1
Intel(R) Data Center GPU Max 1550 [0x0bd5];3;25;7;26;30000;2175.9;15;25;1;1;25;-1;0;0;0;0;1;0;0;0;0;1
Intel(R) Data Center GPU Max 1550 [0x0bd5];3;25;7;28;30000;1145.8;15;8;1;5;25;1;4;0;0;0;1;0;0;0;0;1
Intel(R) Data Center GPU Max 1550 [0x0bd5];3;25;7;32;30000;1166.8;15;8;1;7;25;0;0;0;0;0;1;0;0;2;0;1
Intel(R) Data Center GPU Max 1550 [0x0bd5];3;25;7;45;30000;2276.4;15;25;1;1;25;1;0;0;0;0;1;0;0;0;0;1
Intel(R) Data Center GPU Max 1550 [0x0bd5];3;25;9;4;30000;1346.7;15;25;1;1;25;-1;0;0;0;0;1;0;0;2;0;1
Intel(R) Data Center GPU Max 1550 [0x0bd5];3;25;9;5;30000;1520.2;15;25;1;8;25;1;0;0;0;0;1;0;2;2;0;1
Intel(R) Data Center GPU Max 1550 [0x0bd5];3;25;9;7;30000;1038.8;10;8;1;7;25;-1;1;0;0;0;1;0;2;0;0;1
Intel(R) Data Center GPU Max 1550 [0x0bd5];3;25;9;9;30000;1181.1;30;8;1;8;25;0;4;0;0;0;1;0;1;2;0;1
Intel(R) Data Center GPU Max 1550 [0x0bd5];3;25;9;13;30000;2322.2;15;25;1;1;25;-1;0;0;0;0;1;0;0;0;0;1
Intel(R) Data Center GPU Max 1550 [0x0bd5];3;25;9;25;30000;1265.0;6;8;1;7;25;0;-1;0;0;0;1;0;0;0;0;1
Intel(R) Data Center GPU Max 1550 [0x0bd5];3;25;9;26;30000;1264.5;6;8;1;19;25;0;1;0;0;0;1;0;2;2;0;1
Intel(R) Data Center GPU Max 1550 [0x0bd5];3;25;9;28;30000;1222.5;6;8;1;2;25;-1;0;0;0;0;1;0;0;0;0;1
Intel(R) Data Center GPU Max 1550 [0x0bd5];3;25;9;32;30000;2783.7;15;25;1;1;25;-2;0;0;0;0;1;0;2;0;0;1
Intel(R) Data Center GPU Max 1550 [0x0bd5];3;25;9;45;30000;2837.0;15;25;1;1;25;1;0;0;0;0;1;0;0;0;0;1
Intel(R) Data Center GPU Max 1550 [0x0bd5];3;25;13;4;30000;1663.7;25;25;1;12;25;-2;0;0;0;0;1;0;0;0;0;1
Intel(R) Data Center GPU Max 1550 [0x0bd5];3;25;13;5;30000;1776.7;25;25;1;1;25;1;0;0;0;0;1;0;0;0;0;1
Intel(R) Data Center GPU Max 1550 [0x0bd5];3;25;13;7;30000;1387.2;30;8;1;14;25;-1;0;0;0;0;1;0;2;2;0;1
Intel(R) Data Center GPU Max 1550 [0x0bd5];3;25;13;9;30000;1456.7;15;8;1;1;25;-1;0;0;0;0;1;0;2;0;0;0
Intel(R) Data Center GPU Max 1550 [0x0bd5];3;25;13;13;30000;2604.2;15;25;1;6;25;-2;0;0;0;0;1;0;1;2;0;1
Intel(R) Data Center GPU Max 1550 [0x0bd5];3;25;13;14;30000;3091.1;15;25;1;1;25;-2;0;0;0;0;1;0;0;0;0;1
Intel(R) Data Center GPU Max 1550 [0x0bd5];3;25;13;25;30000;1423.6;10;8;1;23;25;0;0;0;0;0;1;0;0;0;0;1
Intel(R) Data Center GPU Max 1550 [0x0bd5];3;25;13;26;30000;3645.5;15;25;1;1;25;1;0;0;0;0;1;0;0;0;0;1
Intel(R) Data Center GPU Max 1550 [0x0bd5];3;25;13;28;30000;3841.6;15;25;1;1;25;-1;0;0;0;0;1;0;0;0;0;1
Intel(R) Data Center GPU Max 1550 [0x0bd5];3;25;13;32;30000;3869.2;15;25;1;1;25;-2;0;0;0;0;1;0;2;0;0;1
Intel(R) Data Center GPU Max 1550 [0x0bd5];3;25;13;45;30000;3915.0;15;25;1;1;25;-1;0;0;0;0;1;0;0;0;0;1
Intel(R) Data Center GPU Max 1550 [0x0bd5];3;25;14;13;30000;3155.0;16;25;1;1;25;0;0;0;0;0;1;0;0;0;0;1
Intel(R) Data Center GPU Max 1550 [0x0bd5];3;25;14;14;30000;1656.8;15;8;1;1;25;0;0;0;0;0;1;0;2;0;0;0
Intel(R) Data Center GPU Max 1550 [0x0bd5];3;25;14;25;30000;3738.3;16;25;1;1;25;-2;0;0;0;0;1;0;0;0;0;1
Intel(R) Data Center GPU Max 1550 [0x0bd5];3;25;14;26;30000;3811.0;16;25;1;1;25;0;0;0;0;0;1;0;0;0;0;1
Intel(R) Data Center GPU Max 1550 [0x0bd5];3;25;14;32;30000;2537.0;15;25;1;1;25;-2;-2;0;0;0;1;0;0;0;0;1
Intel(R) Data Center GPU Max 1550 [0x0bd5];3;25;25;4;30000;2035.3;50;25;1;1;25;-2;0;0;0;0;1;0;2;0;0;1
Intel(R) Data Center GPU Max 1550 [0x0bd5];3;25;25;5;30000;2322.9;28;25;1;19;25;1;0;0;0;0;1;0;0;0;0;1
Intel(R) Data Center GPU Max 1550 [0x0bd5];3;25;25;7;30000;1519.6;17;8;1;21;25;-2;-1;0;0;0;1;0;0;0;0;1
Intel(R) Data Center GPU Max 1550 [0x0bd5];3;25;25;9;30000;1546.5;16;8;1;13;25;0;-1;0;0;0;1;0;2;0;0;1
Intel(R) Data Center GPU Max 1550 [0x0bd5];3;25;25;13;30000;3793.6;25;25;1;1;25;1;0;0;0;0;1;0;0;0;0;1
Intel(R) Data Center GPU Max 1550 [0x0bd5];3;25;25;14;30000;3867.1;25;25;1;1;25;-2;0;0;0;0;1;0;0;0;0;1
Intel(R) Data Center GPU Max 1550 [0x0bd5];3;25;25;25;30000;4659.9;15;25;1;1;1;1;0;0;0;0;1;0;0;0;0;1
Intel(R) Data Center GPU Max 1550 [0x0bd5];3;25;25;26;30000;4777.6;16;25;1;1;25;-2;0;0;0;0;1;0;0;0;0;1
Intel(R) Data Center GPU Max 1550 [0x0bd5];3;25;25;28;30000;4972.8;15;25;1;1;25;0;0;0;0;0;1;0;2;0;0;1
Intel(R) Data Center GPU Max 1550 [0x0bd5];3;25;25;32;30000;1686.4;8;8;1;18;25;0;0;0;0;0;1;0;0;0;0;1
Intel(R) Data Center GPU Max 1550 [0x0bd5];3;25;25;45;30000;4932.0;15;25;1;1;25;-2;0;0;0;0;1;0;2;0;0;1
Intel(R) Data Center GPU Max 1550 [0x0bd5];3;25;26;4;30000;2042.8;46;25;1;22;26;1;0;0;0;0;1;0;2;0;0;1
Intel(R) Data Center GPU Max 1550 [0x0bd5];3;25;26;5;30000;2388.8;30;25;1;10;26;-2;0;0;0;0;1;0;0;0;0;1
Intel(R) Data Center GPU Max 1550 [0x0bd5];3;25;26;7;30000;1541.3;17;8;1;23;26;-1;0;0;0;0;1;0;2;0;0;1
Intel(R) Data Center GPU Max 1550 [0x0bd5];3;25;26;9;30000;1584.6;30;8;1;1;26;-1;0;0;0;0;1;0;2;0;0;0
Intel(R) Data Center GPU Max 1550 [0x0bd5];3;25;26;13;30000;3903.3;25;25;1;1;26;1;0;0;0;0;1;0;0;0;0;1
Intel(R) Data Center GPU Max 1550 [0x0bd5];3;25;26;14;30000;3976.8;17;25;1;1;26;0;0;0;0;0;1;0;2;0;0;1
Intel(R) Data Center GPU Max 1550 [0x0bd5];3;25;26;25;30000;4704.2;16;25;1;1;26;0;0;0;0;0;1;0;2;0;0;1
Intel(R) Data Center GPU Max 1550 [0x0bd5];3;25;26;26;30000;4862.3;15;25;1;1;26;-2;0;0;0;0;1;0;0;0;0;1
Intel(R) Data Center GPU Max 1550 [0x0bd5];3;25;26;28;30000;1752.8;6;8;1;20;26;0;0;0;0;0;1;0;2;0;0;1
Intel(R) Data Center GPU Max 1550 [0x0bd5];3;25;26;32;30000;5202.6;15;25;1;1;26;0;-1;0;0;0;1;0;2;0;0;1
Intel(R) Data Center GPU Max 1550 [0x0bd5];3;25;26;45;30000;5044.6;15;25;1;1;26;0;-1;0;0;0;1;0;2;0;0;1
Intel(R) Data Center GPU Max 1550 [0x0bd5];3;25;28;4;30000;2192.0;50;25;1;1;28;1;0;0;0;0;1;0;0;2;0;1
Intel(R) Data Center GPU Max 1550 [0x0bd5];3;25;28;5;30000;2470.2;30;25;1;20;28;0;0;0;0;0;1;0;0;0;0;1
Intel(R) Data Center GPU Max 1550 [0x0bd5];3;25;28;7;30000;1561.6;17;8;1;11;28;1;0;0;0;0;1;0;0;0;0;1
Intel(R) Data Center GPU Max 1550 [0x0bd5];3;25;28;9;30000;1567.0;13;8;1;8;28;0;0;0;0;0;1;0;2;2;0;1
Intel(R) Data Center GPU Max 1550 [0x0bd5];3;25;28;13;30000;3826.7;17;25;1;1;28;-2;0;0;0;0;1;0;2;0;0;1
Intel(R) Data Center GPU Max 1550 [0x0bd5];3;25;28;25;30000;5063.2;15;25;1;1;28;0;0;0;0;0;1;0;0;0;0;1
Intel(R) Data Center GPU Max 1550 [0x0bd5];3;25;28;26;30000;5021.8;17;25;1;1;28;-1;0;0;0;0;1;0;2;0;0;1
Intel(R) Data Center GPU Max 1550 [0x0bd5];3;25;28;28;30000;5238.2;15;25;1;1;28;0;0;0;0;0;1;0;2;0;0;1
Intel(R) Data Center GPU Max 1550 [0x0bd5];3;25;28;32;30000;5400.0;15;25;1;1;28;0;0;0;0;0;1;0;2;0;0;1
Intel(R) Data Center GPU Max 1550 [0x0bd5];3;25;28;45;30000;5435.1;15;25;1;1;28;0;0;0;0;0;1;0;0;0;0;1
Intel(R) Data Center GPU Max 1550 [0x0bd5];3;25;32;4;30000;2311.9;50;25;1;1;32;-2;0;0;0;0;1;0;2;2;0;1
Intel(R) Data Center GPU Max 1550 [0x0bd5];3;25;32;5;30000;2520.0;41;25;1;16;32;1;0;0;0;0;1;0;0;0;0;1
Intel(R) Data Center GPU Max 1550 [0x0bd5];3;25;32;7;30000;1738.5;59;8;1;10;32;0;1;0;0;0;1;0;0;0;0;1
Intel(R) Data Center GPU Max 1550 [0x0bd5];3;25;32;9;30000;1769.2;14;8;1;10;32;0;0;0;0;0;1;0;2;0;0;1
Intel(R) Data Center GPU Max 1550 [0x0bd5];3;25;32;13;30000;4529.5;25;25;1;1;32;1;0;0;0;0;1;0;0;0;0;1
Intel(R) Data Center GPU Max 1550 [0x0bd5];3;25;32;14;30000;4422.1;18;25;1;1;32;0;0;0;0;0;1;0;2;0;0;1
Intel(R) Data Center GPU Max 1550 [0x0bd5];3;25;32;25;30000;5582.3;15;25;1;1;32;1;0;0;0;0;1;0;0;0;0;1
Intel(R) Data Center GPU Max 1550 [0x0bd5];3;25;32;26;30000;5618.7;16;25;1;1;32;-1;0;0;0;0;1;0;0;0;0;1
Intel(R) Data Center GPU Max 1550 [0x0bd5];3;25;32;28;30000;5867.5;15;25;1;1;32;-2;0;0;0;0;1;0;2;0;0;1
Intel(R) Data Center GPU Max 1550 [0x0bd5];3;25;32;32;30000;6012.8;15;25;1;1;32;-2;0;0;0;0;1;0;2;0;0;1
Intel(R) Data Center GPU Max 1550 [0x0bd5];3;25;32;45;30000;5997.3;15;25;1;1;32;0;0;0;0;0;1;0;0;0;0;1
Intel(R) Data Center GPU Max 1550 [0x0bd5];3;25;45;4;30000;2345.7;61;25;1;21;45;1;-2;0;0;0;1;0;2;2;0;1
Intel(R) Data Center GPU Max 1550 [0x0bd5];3;25;45;5;30000;2790.1;50;25;1;9;45;1;0;0;0;0;1;0;0;2;0;1
Intel(R) Data Center GPU Max 1550 [0x0bd5];3;25;45;7;30000;1742.5;16;8;1;21;45;-1;1;0;0;0;1;0;0;0;0;1
Intel(R) Data Center GPU Max 1550 [0x0bd5];3;25;45;9;30000;1793.1;14;8;1;6;45;-1;0;0;0;0;1;0;2;0;0;1
Intel(R) Data Center GPU Max 1550 [0x0bd5];3;25;45;13;30000;4406.9;30;25;1;1;45;1;0;0;0;0;1;0;2;0;0;1
Intel(R) Data Center GPU Max 1550 [0x0bd5];3;25;45;25;30000;4865.5;30;25;1;1;45;-2;0;0;0;0;1;0;2;0;0;1
Intel(R) Data Center GPU Max 1550 [0x0bd5];3;25;45;26;30000;1895.0;7;8;1;4;45;1;0;0;0;0;1;0;2;0;0;1
Intel(R) Data Center GPU Max 1550 [0x0bd5];3;25;45;28;30000;1837.0;7;8;1;18;45;1;0;0;0;0;1;0;0;0;0;1
Intel(R) Data Center GPU Max 1550 [0x0bd5];3;25;45;32;30000;4818.5;31;25;1;1;45;-1;0;0;0;0;1;0;2;0;0;1
Intel(R) Data Center GPU Max 1550 [0x0bd5];3;25;45;45;30000;4796.7;30;25;1;1;45;-2;0;0;0;0;1;0;2;0;0;1
Intel(R) Data Center GPU Max 1550 [0x0bd5];3;26;4;4;30000;614.1;12;8;1;26;1;-1;1;0;0;0;1;0;2;2;0;0
Intel(R) Data Center GPU Max 1550 [0x0bd5];3;26;4;5;30000;771.9;15;8;1;15;26;-1;0;0;0;0;1;0;0;0;0;1
Intel(R) Data Center GPU Max 1550 [0x0bd5];3;26;4;7;30000;929.1;15;8;1;12;26;1;0;0;0;0;1;0;0;0;0;1
Intel(R) Data Center GPU Max 1550 [0x0bd5];3;26;4;9;30000;979.2;15;8;1;3;26;-2;-1;0;0;0;1;0;2;2;0;1
Intel(R) Data Center GPU Max 1550 [0x0bd5];3;26;4;13;30000;1096.2;15;8;1;26;26;-2;0;0;0;0;1;0;0;2;0;1
Intel(R) Data Center GPU Max 1550 [0x0bd5];3;26;4;25;30000;1159.9;15;8;1;20;26;1;-1;0;0;0;1;0;0;0;0;1
Intel(R) Data Center GPU Max 1550 [0x0bd5];3;26;4;26;30000;1159.7;15;8;1;24;26;0;1;0;0;0;1;0;0;0;0;1
Intel(R) Data Center GPU Max 1550 [0x0bd5];3;26;4;28;30000;1321.8;15;26;1;1;26;-1;0;0;0;0;1;0;2;0;0;1
Intel(R) Data Center GPU Max 1550 [0x0bd5];3;26;4;32;30000;1345.0;15;26;1;1;26;-2;0;0;0;0;1;0;2;0;0;1
Intel(R) Data Center GPU Max 1550 [0x0bd5];3;26;4;45;30000;779.7;15;8;1;4;26;-1;0;0;0;0;1;0;2;2;0;1
Intel(R) Data Center GPU Max 1550 [0x0bd5];3;26;5;4;30000;979.5;15;26;1;8;26;0;0;0;0;0;1;0;0;0;0;1
Intel(R) Data Center GPU Max 1550 [0x0bd5];3;26;5;5;30000;735.7;9;8;1;1;1;1;0;0;0;0;1;0;2;0;0;0
Intel(R) Data Center GPU Max 1550 [0x0bd5];3;26;5;7;30000;1002.7;15;8;1;19;26;0;0;0;0;0;1;0;2;0;0;1
Intel(R) Data Center GPU Max 1550 [0x0bd5];3;26;5;9;30000;1064.0;15;8;1;25;26;-1;0;0;0;0;1;0;2;0;0;1
Intel(R) Data Center GPU Max 1550 [0x0bd5];3;26;5;13;30000;841.1;8;26;1;8;1;0;0;0;0;0;1;0;0;2;0;0
Intel(R) Data Center GPU Max 1550 [0x0bd5];3;26;5;16;30000;1206.5;15;8;1;20;26;-1;0;0;0;0;1;0;2;2;0;1
Intel(R) Data Center GPU Max 1550 [0x0bd5];3;26;5;24;30000;1216.1;15;8;1;17;26;-2;0;0;0;0;1;0;2;2;0;1
Intel(R) Data Center GPU Max 1550 [0x0bd5];3;26;5;25;30000;1725.4;15;26;1;1;26;0;0;0;0;0;1;0;0;0;0;1
Intel(R) Data Center GPU Max 1550 [0x0bd5];3;26;5;26;30000;1238.9;15;8;1;11;26;1;0;0;0;0;1;0;2;2;0;1
Intel(R) Data Center GPU Max 1550 [0x0bd5];3;26;5;28;30000;1155.1;15;8;1;2;26;0;0;0;0;0;1;0;0;0;0;1
Intel(R) Data Center GPU Max 1550 [0x0bd5];3;26;5;32;30000;1104.9;15;8;1;20;26;1;0;0;0;0;1;0;0;2;0;1
Intel(R) Data Center GPU Max 1550 [0x0bd5];3;26;5;45;30000;1819.4;15;26;1;1;26;-1;0;0;0;0;1;0;0;0;0;1
Intel(R) Data Center GPU Max 1550 [0x0bd5];3;26;7;4;30000;1193.4;15;26;1;26;26;-2;0;0;0;0;1;0;0;0;0;1
Intel(R) Data Center GPU Max 1550 [0x0bd5];3;26;7;5;30000;1302.4;15;26;1;1;26;-1;0;0;0;0;1;0;2;0;0;1
Intel(R) Data Center GPU Max 1550 [0x0bd5];3;26;7;7;30000;1071.2;15;8;1;5;26;1;0;0;0;0;1;0;0;2;0;1
Intel(R) Data Center GPU Max 1550 [0x0bd5];3;26;7;9;30000;1104.7;15;8;1;16;26;1;0;0;0;0;1;0;2;0;0;1
Intel(R) Data Center GPU Max 1550 [0x0bd5];3;26;7;13;30000;1277.1;8;8;1;1;26;-2;0;0;0;0;1;0;2;0;0;0
Intel(R) Data Center GPU Max 1550 [0x0bd5];3;26;7;25;30000;2253.1;15;26;1;1;26;-2;0;0;0;0;1;0;0;0;0;1
Intel(R) Data Center GPU Max 1550 [0x0bd5];3;26;7;26;30000;2002.2;15;26;1;1;26;0;0;0;0;0;1;0;2;0;0;1
Intel(R) Data Center GPU Max 1550 [0x0bd5];3;26;7;28;30000;2236.0;15;26;1;1;26;1;0;0;0;0;1;0;2;0;0;1
Intel(R) Data Center GPU Max 1550 [0x0bd5];3;26;7;32;30000;2234.1;15;26;1;1;26;-2;0;0;0;0;1;0;2;0;0;1
Intel(R) Data Center GPU Max 1550 [0x0bd5];3;26;7;45;30000;2387.3;15;26;1;1;26;1;0;0;0;0;1;0;0;0;0;1
Intel(R) Data Center GPU Max 1550 [0x0bd5];3;26;9;4;30000;1368.3;15;26;1;11;26;-1;0;0;0;0;1;0;0;0;0;1
Intel(R) Data Center GPU Max 1550 [0x0bd5];3;26;9;5;30000;1539.1;15;26;1;1;26;-1;0;0;0;0;1;0;0;0;0;1
Intel(R) Data Center GPU Max 1550 [0x0bd5];3;26;9;7;30000;1062.1;13;8;1;13;26;-1;0;0;0;0;1;0;0;0;0;1
Intel(R) Data Center GPU Max 1550 [0x0bd5];3;26;9;9;30000;1136.3;10;8;1;14;26;-1;0;0;0;0;1;0;0;2;0;1
Intel(R) Data Center GPU Max 1550 [0x0bd5];3;26;9;13;30000;1226.7;10;8;1;18;26;-2;0;0;0;0;1;0;0;2;0;1
Intel(R) Data Center GPU Max 1550 [0x0bd5];3;26;9;25;30000;1288.1;6;8;1;24;26;-1;0;0;0;0;1;0;0;2;0;1
Intel(R) Data Center GPU Max 1550 [0x0bd5];3;26;9;26;30000;1290.7;6;8;1;22;26;-1;0;0;0;0;1;0;2;0;0;1
Intel(R) Data Center GPU Max 1550 [0x0bd5];3;26;9;28;30000;2744.6;15;26;1;1;26;-1;0;0;0;0;1;0;0;0;0;1
Intel(R) Data Center GPU Max 1550 [0x0bd5];3;26;9;32;30000;2750.5;15;26;1;1;26;0;0;0;0;0;1;0;2;0;0;1
Intel(R) Data Center GPU Max 1550 [0x0bd5];3;26;9;45;30000;2997.0;15;26;1;1;26;-2;0;0;0;0;1;0;0;0;0;1
Intel(R) Data Center GPU Max 1550 [0x0bd5];3;26;13;4;30000;1656.2;25;26;1;5;26;-1;0;0;0;0;1;0;2;0;0;1
Intel(R) Data Center GPU Max 1550 [0x0bd5];3;26;13;5;30000;1270.7;15;8;1;1;1;-2;0;0;0;0;1;0;2;0;0;0
Intel(R) Data Center GPU Max 1550 [0x0bd5];3;26;13;7;30000;1374.7;30;8;1;14;26;-1;-1;0;0;0;1;0;2;0;0;1
Intel(R) Data Center GPU Max 1550 [0x0bd5];3;26;13;9;30000;1541.4;15;8;1;18;26;-1;1;0;0;0;1;0;1;2;0;0
Intel(R) Data Center GPU Max 1550 [0x0bd5];3;26;13;13;30000;2761.3;15;26;1;1;26;-2;0;0;0;0;1;0;2;0;0;1
Intel(R) Data Center GPU Max 1550 [0x0bd5];3;26;13;14;30000;2952.5;15;26;1;1;26;-2;0;0;0;0;1;0;2;0;0;1
Intel(R) Data Center GPU Max 1550 [0x0bd5];3;26;13;24;30000;3624.3;15;26;1;1;26;-1;0;0;0;0;1;0;0;0;0;1
Intel(R) Data Center GPU Max 1550 [0x0bd5];3;26;13;25;30000;3811.6;15;26;1;1;26;0;0;0;0;0;1;0;0;0;0;1
Intel(R) Data Center GPU Max 1550 [0x0bd5];3;26;13;26;30000;1520.6;10;8;1;25;26;0;0;0;0;0;1;0;2;0;0;1
Intel(R) Data Center GPU Max 1550 [0x0bd5];3;26;13;28;30000;3746.8;15;26;1;1;26;-2;0;0;0;0;1;0;0;0;0;1
Intel(R) Data Center GPU Max 1550 [0x0bd5];3;26;13;32;30000;3827.1;15;26;1;1;26;-1;0;0;0;0;1;0;2;0;0;1
Intel(R) Data Center GPU Max 1550 [0x0bd5];3;26;13;45;30000;4038.8;15;26;1;1;26;0;0;0;0;0;1;0;0;0;0;1
Intel(R) Data Center GPU Max 1550 [0x0bd5];3;26;14;13;30000;2930.5;15;26;1;1;26;0;0;0;0;0;1;0;2;0;0;1
Intel(R) Data Center GPU Max 1550 [0x0bd5];3;26;14;14;30000;3144.9;15;26;1;1;26;1;0;0;0;0;1;0;2;0;0;1
Intel(R) Data Center GPU Max 1550 [0x0bd5];3;26;14;25;30000;4038.6;15;26;1;1;26;-1;0;0;0;0;1;0;0;0;0;1
Intel(R) Data Center GPU Max 1550 [0x0bd5];3;26;14;26;30000;3695.9;15;26;1;1;26;-1;0;0;0;0;1;0;0;0;0;1
Intel(R) Data Center GPU Max 1550 [0x0bd5];3;26;14;32;30000;4094.6;15;26;1;1;26;0;0;0;0;0;1;0;2;0;0;1
Intel(R) Data Center GPU Max 1550 [0x0bd5];3;26;16;5;30000;1490.7;15;26;1;1;1;1;3;0;0;0;1;0;2;0;0;0
Intel(R) Data Center GPU Max 1550 [0x0bd5];3;26;24;5;30000;2299.1;28;26;1;1;26;-2;0;0;0;0;1;0;0;0;0;1
Intel(R) Data Center GPU Max 1550 [0x0bd5];3;26;24;13;30000;3656.4;15;26;1;1;26;-2;0;0;0;0;1;0;0;0;0;1
Intel(R) Data Center GPU Max 1550 [0x0bd5];3;26;24;24;30000;4673.8;15;26;1;1;26;1;0;0;0;0;1;0;0;0;0;1
Intel(R) Data Center GPU Max 1550 [0x0bd5];3;26;24;26;30000;4856.9;16;26;1;1;1;0;0;0;0;0;1;0;2;0;0;1
Intel(R) Data Center GPU Max 1550 [0x0bd5];3;26;24;32;30000;5010.6;15;26;1;1;26;-2;0;0;0;0;1;0;0;0;0;1
Intel(R) Data Center GPU Max 1550 [0x0bd5];3;26;25;4;30000;2082.2;50;26;1;18;26;1;0;0;0;0;1;0;0;0;0;1
Intel(R) Data Center GPU Max 1550 [0x0bd5];3;26;25;5;30000;2305.3;28;26;1;1;26;0;0;0;0;0;1;0;0;2;0;1
Intel(R) Data Center GPU Max 1550 [0x0bd5];3;26;25;7;30000;1492.0;17;8;1;9;26;-1;0;0;0;0;1;0;2;0;0;1
Intel(R) Data Center GPU Max 1550 [0x0bd5];3;26;25;9;30000;1508.9;13;8;1;25;26;1;0;0;0;0;1;0;2;0;0;1
Intel(R) Data Center GPU Max 1550 [0x0bd5];3;26;25;13;30000;3763.5;16;26;1;1;26;-1;0;0;0;0;1;0;2;0;0;1
Intel(R) Data Center GPU Max 1550 [0x0bd5];3;26;25;14;30000;3924.6;17;26;1;1;26;-1;0;0;0;0;1;0;0;0;0;1
Intel(R) Data Center GPU Max 1550 [0x0bd5];3;26;25;25;30000;4732.4;16;26;1;1;26;1;0;0;0;0;1;0;2;0;0;1
Intel(R) Data Center GPU Max 1550 [0x0bd5];3;26;25;26;30000;4746.2;15;26;1;1;26;-1;0;0;0;0;1;0;0;0;0;1
Intel(R) Data Center GPU Max 1550 [0x0bd5];3;26;25;28;30000;1644.3;8;16;1;5;26;-1;0;0;0;0;1;0;0;0;0;1
Intel(R) Data Center GPU Max 1550 [0x0bd5];3;26;25;32;30000;5105.6;15;26;1;1;26;-2;0;0;0;0;1;0;2;0;0;1
Intel(R) Data Center GPU Max 1550 [0x0bd5];3;26;25;45;30000;1896.4;1;26;1;15;26;-1;0;0;0;0;1;0;0;0;0;1
Intel(R) Data Center GPU Max 1550 [0x0bd5];3;26;26;4;30000;2123.4;50;26;1;15;26;0;0;0;0;0;1;0;0;0;0;1
Intel(R) Data Center GPU Max 1550 [0x0bd5];3;26;26;5;30000;2353.8;30;26;1;1;26;1;0;0;0;0;1;0;2;2;0;1
Intel(R) Data Center GPU Max 1550 [0x0bd5];3;26;26;7;30000;1596.7;17;8;1;23;26;1;0;0;0;0;1;0;2;2;0;1
Intel(R) Data Center GPU Max 1550 [0x0bd5];3;26;26;9;30000;1678.7;30;8;1;1;26;0;0;0;0;0;1;0;2;0;0;0
Intel(R) Data Center GPU Max 1550 [0x0bd5];3;26;26;13;30000;3884.1;17;26;1;1;26;0;0;0;0;0;1;0;2;0;0;1
Intel(R) Data Center GPU Max 1550 [0x0bd5];3;26;26;14;30000;3986.6;18;26;1;1;26;0;-1;0;0;0;1;0;0;0;0;1
Intel(R) Data Center GPU Max 1550 [0x0bd5];3;26;26;24;30000;1854.7;19;26;1;26;1;1;-1;0;0;0;1;0;2;0;0;1
Intel(R) Data Center GPU Max 1550 [0x0bd5];3;26;26;25;30000;4924.0;16;26;1;1;26;1;0;0;0;0;1;0;2;0;0;1
Intel(R) Data Center GPU Max 1550 [0x0bd5];3;26;26;26;30000;5070.5;15;26;1;1;1;0;0;0;0;0;1;0;0;0;0;1
Intel(R) Data Center GPU Max 1550 [0x0bd5];3;26;26;28;30000;5039.3;15;26;1;1;26;0;0;0;0;0;1;0;2;0;0;1
Intel(R) Data Center GPU Max 1550 [0x0bd5];3;26;26;32;30000;5189.1;15;26;1;1;1;1;0;0;0;0;1;0;2;0;0;1
Intel(R) Data Center GPU Max 1550 [0x0bd5];3;26;26;45;30000;5231.5;15;26;1;1;26;1;0;0;0;0;1;0;2;0;0;1
Intel(R) Data Center GPU Max 1550 [0x0bd5];3;26;28;4;30000;2192.7;50;26;1;22;28;0;0;0;0;0;1;0;2;2;0;1
Intel(R) Data Center GPU Max 1550 [0x0bd5];3;26;28;5;30000;2413.8;41;26;1;1;28;-2;0;0;0;0;1;0;0;0;0;1
Intel(R) Data Center GPU Max 1550 [0x0bd5];3;26;28;7;30000;1621.3;13;8;1;26;28;-1;0;0;0;0;1;0;0;2;0;1
Intel(R) Data Center GPU Max 1550 [0x0bd5];3;26;28;9;30000;1647.7;17;26;1;2;28;-1;0;0;0;0;1;0;0;0;0;1
Intel(R) Data Center GPU Max 1550 [0x0bd5];3;26;28;13;30000;3971.6;18;26;1;1;28;0;-1;0;0;0;1;0;2;0;0;1
Intel(R) Data Center GPU Max 1550 [0x0bd5];3;26;28;25;30000;5144.6;16;26;1;1;28;1;0;0;0;0;1;0;0;0;0;1
Intel(R) Data Center GPU Max 1550 [0x0bd5];3;26;28;26;30000;5157.2;17;26;1;1;28;1;0;0;0;0;1;0;0;0;0;1
Intel(R) Data Center GPU Max 1550 [0x0bd5];3;26;28;28;30000;1797.9;6;8;1;10;28;1;0;0;0;0;1;0;0;2;0;1
Intel(R) Data Center GPU Max 1550 [0x0bd5];3;26;28;32;30000;5475.1;15;26;1;1;28;0;0;0;0;0;1;0;2;0;0;1
Intel(R) Data Center GPU Max 1550 [0x0bd5];3;26;28;45;30000;5456.5;15;26;1;1;28;-1;0;0;0;0;1;0;2;0;0;1
Intel(R) Data Center GPU Max 1550 [0x0bd5];3;26;32;4;30000;2403.6;50;26;1;8;32;0;0;0;0;0;1;0;0;2;0;1
Intel(R) Data Center GPU Max 1550 [0x0bd5];3;26;32;5;30000;2637.4;41;26;1;1;32;0;0;0;0;0;1;0;0;2;0;1
Intel(R) Data Center GPU Max 1550 [0x0bd5];3;26;32;7;30000;1826.1;59;8;1;9;32;-1;0;0;0;0;1;0;0;0;0;1
Intel(R) Data Center GPU Max 1550 [0x0bd5];3;26;32;9;30000;3476.0;25;26;1;9;32;-2;1;0;0;0;1;0;2;2;0;1
Intel(R) Data Center GPU Max 1550 [0x0bd5];3;26;32;13;30000;4251.5;25;26;1;1;32;-1;0;0;0;0;1;0;2;0;0;1
Intel(R) Data Center GPU Max 1550 [0x0bd5];3;26;32;14;30000;4245.7;25;26;1;1;32;1;-1;0;0;0;1;0;0;0;0;1
Intel(R) Data Center GPU Max 1550 [0x0bd5];3;26;32;24;30000;5727.0;15;26;1;1;32;-1;0;0;0;0;1;0;0;0;0;1
Intel(R) Data Center GPU Max 1550 [0x0bd5];3;26;32;25;30000;5595.2;16;26;1;1;32;0;0;0;0;0;1;0;2;0;0;1
Intel(R) Data Center GPU Max 1550 [0x0bd5];3;26;32;26;30000;2088.1;7;8;1;9;32;-1;0;0;0;0;1;0;2;0;0;1
Intel(R) Data Center GPU Max 1550 [0x0bd5];3;26;32;28;30000;5878.6;15;26;1;1;32;0;0;0;0;0;1;0;2;0;0;1
Intel(R) Data Center GPU Max 1550 [0x0bd5];3;26;32;32;30000;5932.0;15;26;1;1;32;-1;0;0;0;0;1;0;0;0;0;1
Intel(R) Data Center GPU Max 1550 [0x0bd5];3;26;32;45;30000;6111.6;15;26;1;1;32;0;-1;0;0;0;1;0;0;0;0;1
Intel(R) Data Center GPU Max 1550 [0x0bd5];3;26;45;4;30000;2359.1;62;26;1;3;45;-2;-1;0;0;0;1;0;0;0;0;1
Intel(R) Data Center GPU Max 1550 [0x0bd5];3;26;45;5;30000;2756.9;54;26;1;1;45;-2;0;0;0;0;1;0;0;0;0;1
Intel(R) Data Center GPU Max 1550 [0x0bd5];3;26;45;7;30000;1717.5;16;8;1;26;45;1;0;0;0;0;1;0;2;0;0;1
Intel(R) Data Center GPU Max 1550 [0x0bd5];3;26;45;9;30000;3897.7;32;26;1;5;45;0;1;0;0;0;1;0;0;2;0;1
Intel(R) Data Center GPU Max 1550 [0x0bd5];3;26;45;13;30000;4457.6;30;26;1;1;45;1;0;0;0;0;1;0;2;0;0;1
Intel(R) Data Center GPU Max 1550 [0x0bd5];3;26;45;25;30000;4639.3;10;26;1;1;45;1;0;0;0;0;1;0;0;0;0;1
Intel(R) Data Center GPU Max 1550 [0x0bd5];3;26;45;26;30000;4878.0;30;26;1;1;45;1;0;0;0;0;1;0;0;0;0;1
Intel(R) Data Center GPU Max 1550 [0x0bd5];3;26;45;28;30000;4745.1;30;26;1;1;45;0;0;0;0;0;1;0;2;0;0;1
Intel(R) Data Center GPU Max 1550 [0x0bd5];3;26;45;32;30000;1712.3;5;16;1;5;45;0;-1;0;0;0;1;0;2;0;0;1
Intel(R) Data Center GPU Max 1550 [0x0bd5];3;26;45;45;30000;4807.8;30;26;1;1;45;0;-1;0;0;0;1;0;2;0;0;1
Intel(R) Data Center GPU Max 1550 [0x0bd5];3;28;4;4;30000;634.5;12;8;1;26;1;-1;1;0;0;0;1;0;2;2;0;0
Intel(R) Data Center GPU Max 1550 [0x0bd5];3;28;4;5;30000;805.4;15;8;1;23;28;-2;0;0;1;0;1;0;0;0;0;1
Intel(R) Data Center GPU Max 1550 [0x0bd5];3;28;4;7;30000;985.4;15;8;1;13;28;-2;0;0;0;0;1;0;0;0;0;1
Intel(R) Data Center GPU Max 1550 [0x0bd5];3;28;4;9;30000;1057.9;15;28;1;11;28;-1;0;0;1;0;1;0;0;0;0;1
Intel(R) Data Center GPU Max 1550 [0x0bd5];3;28;4;13;30000;1142.6;15;8;1;9;28;-1;0;0;0;0;1;0;0;2;0;1
Intel(R) Data Center GPU Max 1550 [0x0bd5];3;28;4;25;30000;1263.1;15;8;1;15;28;-2;0;0;1;0;1;0;0;2;0;1
Intel(R) Data Center GPU Max 1550 [0x0bd5];3;28;4;26;30000;1252.5;15;8;1;23;28;-2;0;0;0;0;1;0;2;0;0;1
Intel(R) Data Center GPU Max 1550 [0x0bd5];3;28;4;28;30000;1064.8;17;16;1;17;28;0;0;0;0;0;1;0;0;0;0;1
Intel(R) Data Center GPU Max 1550 [0x0bd5];3;28;4;32;30000;1164.2;15;8;1;10;28;-2;-1;0;0;0;1;0;2;0;0;1
Intel(R) Data Center GPU Max 1550 [0x0bd5];3;28;4;45;30000;993.4;15;8;1;17;28;-1;4;0;0;0;1;0;0;0;0;1
Intel(R) Data Center GPU Max 1550 [0x0bd5];3;28;5;4;30000;792.1;15;16;1;6;28;1;0;0;0;0;1;0;0;0;0;1
Intel(R) Data Center GPU Max 1550 [0x0bd5];3;28;5;5;30000;877.7;15;8;1;26;28;1;0;0;0;0;1;0;2;0;0;1
Intel(R) Data Center GPU Max 1550 [0x0bd5];3;28;5;7;30000;1028.5;16;8;1;6;28;-2;0;0;1;0;1;0;2;2;0;1
Intel(R) Data Center GPU Max 1550 [0x0bd5];3;28;5;9;30000;1084.4;16;28;1;17;28;1;0;0;1;0;1;0;0;2;0;1
Intel(R) Data Center GPU Max 1550 [0x0bd5];3;28;5;13;30000;1168.8;15;8;1;27;28;-1;0;0;1;0;1;0;0;0;0;1
Intel(R) Data Center GPU Max 1550 [0x0bd5];3;28;5;25;30000;1221.1;15;8;1;5;28;0;0;0;0;0;1;0;0;0;0;1
Intel(R) Data Center GPU Max 1550 [0x0bd5];3;28;5;26;30000;1193.3;15;8;1;13;28;-2;0;0;0;0;1;0;2;0;0;1
Intel(R) Data Center GPU Max 1550 [0x0bd5];3;28;5;28;30000;1139.9;15;28;1;11;28;1;0;0;0;0;1;0;0;0;0;1
Intel(R) Data Center GPU Max 1550 [0x0bd5];3;28;5;32;30000;1136.4;15;8;1;3;28;0;0;0;0;0;1;0;0;2;0;1
Intel(R) Data Center GPU Max 1550 [0x0bd5];3;28;5;45;30000;1030.4;15;28;1;1;28;0;-2;0;0;0;1;0;0;0;0;1
Intel(R) Data Center GPU Max 1550 [0x0bd5];3;28;7;4;30000;919.1;15;8;1;13;28;0;-1;0;0;0;1;0;2;0;0;1
Intel(R) Data Center GPU Max 1550 [0x0bd5];3;28;7;5;30000;1002.5;16;8;1;22;28;0;4;0;0;0;1;0;0;0;0;1
Intel(R) Data Center GPU Max 1550 [0x0bd5];3;28;7;7;30000;1269.3;15;8;1;26;28;1;4;0;0;0;1;0;1;1;0;1
Intel(R) Data Center GPU Max 1550 [0x0bd5];3;28;7;9;30000;1201.5;16;28;1;21;28;0;0;0;0;0;1;0;2;0;0;1
Intel(R) Data Center GPU Max 1550 [0x0bd5];3;28;7;13;30000;1283.7;15;28;1;28;28;-1;0;0;0;0;1;0;2;0;0;1
Intel(R) Data Center GPU Max 1550 [0x0bd5];3;28;7;25;30000;1331.2;15;8;1;19;28;0;0;0;0;0;1;0;2;0;0;1
Intel(R) Data Center GPU Max 1550 [0x0bd5];3;28;7;26;30000;1325.8;15;8;1;26;28;0;-1;0;0;0;1;0;2;2;0;1
Intel(R) Data Center GPU Max 1550 [0x0bd5];3;28;7;28;30000;1281.9;15;8;1;8;28;-2;0;0;0;0;1;0;0;0;0;1
Intel(R) Data Center GPU Max 1550 [0x0bd5];3;28;7;32;30000;1188.4;15;28;1;5;28;1;0;0;0;0;1;0;0;0;0;1
Intel(R) Data Center GPU Max 1550 [0x0bd5];3;28;7;45;30000;1069.6;15;28;1;6;28;0;4;0;0;0;1;0;2;0;0;1
Intel(R) Data Center GPU Max 1550 [0x0bd5];3;28;9;4;30000;1238.5;15;28;1;8;28;0;0;0;0;0;1;0;0;2;0;1
Intel(R) Data Center GPU Max 1550 [0x0bd5];3;28;9;5;30000;1022.7;15;8;1;1;28;0;4;0;0;0;1;0;2;0;0;0
Intel(R) Data Center GPU Max 1550 [0x0bd5];3;28;9;7;30000;1324.4;17;28;1;25;28;-2;-2;0;0;0;1;0;2;0;0;1
Intel(R) Data Center GPU Max 1550 [0x0bd5];3;28;9;9;30000;1166.2;13;8;1;6;28;1;0;0;1;0;1;0;0;0;0;1
Intel(R) Data Center GPU Max 1550 [0x0bd5];3;28;9;13;30000;1240.3;10;8;1;19;28;-1;0;0;0;0;1;0;0;2;0;1
Intel(R) Data Center GPU Max 1550 [0x0bd5];3;28;9;25;30000;1314.7;7;8;1;22;28;-1;0;0;0;0;1;0;2;0;0;1
Intel(R) Data Center GPU Max 1550 [0x0bd5];3;28;9;26;30000;1282.5;6;8;1;15;28;-2;0;0;0;0;1;0;2;0;0;1
Intel(R) Data Center GPU Max 1550 [0x0bd5];3;28;9;28;30000;1281.8;4;8;1;20;28;1;0;0;0;0;1;0;0;0;0;1
Intel(R) Data Center GPU Max 1550 [0x0bd5];3;28;9;32;30000;1275.1;5;8;1;16;28;0;-2;0;0;0;1;0;0;0;0;1
Intel(R) Data Center GPU Max 1550 [0x0bd5];3;28;9;45;30000;1882.5;15;28;1;1;28;-2;-2;0;0;0;1;0;0;0;0;1
Intel(R) Data Center GPU Max 1550 [0x0bd5];3;28;13;4;30000;1482.7;15;28;1;6;28;1;1;0;0;0;1;0;2;0;0;1
Intel(R) Data Center GPU Max 1550 [0x0bd5];3;28;13;5;30000;1644.7;15;28;1;28;28;1;-2;0;0;0;1;0;0;0;0;1
Intel(R) Data Center GPU Max 1550 [0x0bd5];3;28;13;7;30000;1691.5;15;8;1;22;28;-1;0;0;1;0;1;0;1;2;0;0
Intel(R) Data Center GPU Max 1550 [0x0bd5];3;28;13;9;30000;1820.6;15;8;1;7;28;1;0;0;0;0;1;0;1;2;0;0
Intel(R) Data Center GPU Max 1550 [0x0bd5];3;28;13;13;30000;2180.9;15;28;1;5;28;0;0;0;1;0;1;0;2;2;0;1
Intel(R) Data Center GPU Max 1550 [0x0bd5];3;28;13;25;30000;1595.2;10;8;1;27;28;1;0;0;0;0;1;0;2;2;0;1
Intel(R) Data Center GPU Max 1550 [0x0bd5];3;28;13;26;30000;1605.5;10;8;1;9;28;0;0;0;1;0;1;0;0;2;0;1
Intel(R) Data Center GPU Max 1550 [0x0bd5];3;28;13;28;30000;2587.3;15;28;1;1;28;-1;-2;0;0;0;1;0;0;0;0;1
Intel(R) Data Center GPU Max 1550 [0x0bd5];3;28;13;32;30000;1501.7;15;16;1;15;28;1;0;0;0;0;1;0;2;2;0;1
Intel(R) Data Center GPU Max 1550 [0x0bd5];3;28;13;45;30000;1305.5;15;28;1;8;28;-2;2;0;0;0;1;0;0;0;0;1
Intel(R) Data Center GPU Max 1550 [0x0bd5];3;28;25;4;30000;1446.3;30;8;1;1;28;0;1;0;0;0;1;0;2;0;0;0
Intel(R) Data Center GPU Max 1550 [0x0bd5];3;28;25;5;30000;1455.4;59;8;1;27;28;-2;0;0;0;0;1;0;2;0;0;1
Intel(R) Data Center GPU Max 1550 [0x0bd5];3;28;25;7;30000;1568.1;59;8;1;18;28;-2;0;0;0;0;1;0;2;2;0;1
Intel(R) Data Center GPU Max 1550 [0x0bd5];3;28;25;9;30000;1699.0;15;8;1;1;28;1;3;0;0;0;1;0;2;0;0;0
Intel(R) Data Center GPU Max 1550 [0x0bd5];3;28;25;13;30000;3469.2;15;28;1;1;28;1;-2;0;0;0;1;0;0;0;0;1
Intel(R) Data Center GPU Max 1550 [0x0bd5];3;28;25;25;30000;3261.6;15;28;1;3;28;0;-1;0;0;0;1;0;2;0;0;1
Intel(R) Data Center GPU Max 1550 [0x0bd5];3;28;25;26;30000;4994.6;16;28;1;1;28;1;0;0;0;0;1;0;2;0;0;1
Intel(R) Data Center GPU Max 1550 [0x0bd5];3;28;25;28;30000;2637.6;15;28;1;2;28;-2;0;0;0;0;1;0;2;2;0;1
Intel(R) Data Center GPU Max 1550 [0x0bd5];3;28;25;32;30000;3978.5;15;28;1;1;28;0;-2;0;0;0;1;0;0;0;0;1
Intel(R) Data Center GPU Max 1550 [0x0bd5];3;28;25;45;30000;2413.6;15;28;1;7;28;0;-1;0;0;0;1;0;0;0;0;1
Intel(R) Data Center GPU Max 1550 [0x0bd5];3;28;26;4;30000;1749.6;30;8;1;10;28;0;0;0;0;0;1;0;1;2;0;0
Intel(R) Data Center GPU Max 1550 [0x0bd5];3;28;26;5;30000;2213.6;25;28;1;11;28;0;1;0;0;0;1;0;2;0;0;1
Intel(R) Data Center GPU Max 1550 [0x0bd5];3;28;26;7;30000;2511.8;16;28;1;5;28;-2;1;0;0;0;1;0;0;0;0;1
Intel(R) Data Center GPU Max 1550 [0x0bd5];3;28;26;9;30000;1674.6;15;8;1;17;28;-2;0;0;0;0;1;0;0;0;0;1
Intel(R) Data Center GPU Max 1550 [0x0bd5];3;28;26;13;30000;3622.7;15;28;1;1;28;0;-2;0;0;0;1;0;0;0;0;1
Intel(R) Data Center GPU Max 1550 [0x0bd5];3;28;26;25;30000;4081.5;15;28;1;1;28;-2;-2;0;0;0;1;0;0;0;0;1
Intel(R) Data Center GPU Max 1550 [0x0bd5];3;28;26;26;30000;5003.5;15;28;1;1;28;1;0;0;0;0;1;0;2;0;0;1
Intel(R) Data Center GPU Max 1550 [0x0bd5];3;28;26;28;30000;2762.1;15;28;1;2;28;1;0;0;1;0;1;0;2;2;0;1
Intel(R) Data Center GPU Max 1550 [0x0bd5];3;28;26;32;30000;2670.1;15;28;1;18;28;1;1;0;0;0;1;0;2;0;0;1
Intel(R) Data Center GPU Max 1550 [0x0bd5];3;28;26;45;30000;3675.4;16;28;1;1;28;-1;-2;0;0;0;1;0;0;0;0;1
Intel(R) Data Center GPU Max 1550 [0x0bd5];3;28;28;4;30000;2205.4;50;28;1;1;28;-1;0;0;0;0;1;0;0;2;0;1
Intel(R) Data Center GPU Max 1550 [0x0bd5];3;28;28;5;30000;2416.0;44;28;1;1;28;-1;0;0;1;0;1;0;0;0;0;1
Intel(R) Data Center GPU Max 1550 [0x0bd5];3;28;28;7;30000;3013.5;30;28;1;1;28;-2;0;0;1;0;1;0;0;0;0;1
Intel(R) Data Center GPU Max 1550 [0x0bd5];3;28;28;9;30000;3436.1;31;28;1;1;28;-1;0;0;0;0;1;0;0;0;0;1
Intel(R) Data Center GPU Max 1550 [0x0bd5];3;28;28;13;30000;3775.2;15;28;1;1;28;0;0;0;0;0;1;0;0;0;0;1
Intel(R) Data Center GPU Max 1550 [0x0bd5];3;28;28;14;30000;4124.3;17;28;1;1;28;0;-1;0;0;0;1;0;2;0;0;1
Intel(R) Data Center GPU Max 1550 [0x0bd5];3;28;28;25;30000;4633.3;15;28;1;1;28;0;0;0;0;0;1;0;2;0;0;1
Intel(R) Data Center GPU Max 1550 [0x0bd5];3;28;28;26;30000;5068.3;15;28;1;1;28;0;0;0;0;0;1;0;2;0;0;1
Intel(R) Data Center GPU Max 1550 [0x0bd5];3;28;28;28;30000;1857.8;7;8;1;7;1;0;0;0;0;0;1;0;0;0;0;1
Intel(R) Data Center GPU Max 1550 [0x0bd5];3;28;28;32;30000;4425.6;15;28;1;1;28;-2;-2;0;0;0;1;0;0;0;0;1
Intel(R) Data Center GPU Max 1550 [0x0bd5];3;28;28;45;30000;2337.0;5;28;1;6;28;-1;-1;0;0;0;1;0;0;0;0;1
Intel(R) Data Center GPU Max 1550 [0x0bd5];3;28;32;4;30000;2069.8;30;8;1;18;32;0;0;0;0;0;1;0;1;2;0;0
Intel(R) Data Center GPU Max 1550 [0x0bd5];3;28;32;5;30000;1888.7;59;8;1;18;32;0;0;0;0;0;1;0;2;0;0;1
Intel(R) Data Center GPU Max 1550 [0x0bd5];3;28;32;7;30000;2012.1;59;8;1;18;32;-1;0;0;0;0;1;0;2;0;0;1
Intel(R) Data Center GPU Max 1550 [0x0bd5];3;28;32;9;30000;1992.7;59;8;1;24;32;0;0;0;0;0;1;0;2;0;0;1
Intel(R) Data Center GPU Max 1550 [0x0bd5];3;28;32;13;30000;4174.5;15;28;1;1;32;0;1;0;0;0;1;0;2;0;0;1
Intel(R) Data Center GPU Max 1550 [0x0bd5];3;28;32;25;30000;3805.4;15;28;1;17;32;0;0;0;0;0;1;0;0;2;0;1
Intel(R) Data Center GPU Max 1550 [0x0bd5];3;28;32;26;30000;5803.1;16;28;1;1;32;-2;0;0;0;0;1;0;2;0;0;1
Intel(R) Data Center GPU Max 1550 [0x0bd5];3;28;32;28;30000;3370.3;15;28;1;2;32;-2;0;0;1;0;1;0;2;2;0;1
Intel(R) Data Center GPU Max 1550 [0x0bd5];3;28;32;32;30000;3276.2;15;28;1;26;32;1;1;0;0;0;1;0;2;0;0;1
Intel(R) Data Center GPU Max 1550 [0x0bd5];3;28;32;45;30000;4405.9;5;28;1;1;32;0;1;0;0;0;1;0;2;0;0;1
Intel(R) Data Center GPU Max 1550 [0x0bd5];3;28;45;4;30000;1657.1;26;8;1;2;45;0;0;0;0;0;1;0;0;2;0;0
Intel(R) Data Center GPU Max 1550 [0x0bd5];3;28;45;5;30000;1643.8;24;8;1;27;45;-2;0;0;0;0;1;0;2;0;0;1
Intel(R) Data Center GPU Max 1550 [0x0bd5];3;28;45;7;30000;1852.4;19;8;1;10;45;-2;0;0;0;0;1;0;0;2;0;1
Intel(R) Data Center GPU Max 1550 [0x0bd5];3;28;45;9;30000;1836.6;16;8;1;4;45;1;0;0;0;0;1;0;2;0;0;1
Intel(R) Data Center GPU Max 1550 [0x0bd5];3;28;45;13;30000;4110.4;30;28;1;1;45;0;1;0;0;0;1;0;2;2;0;1
Intel(R) Data Center GPU Max 1550 [0x0bd5];3;28;45;25;30000;4198.0;30;28;1;1;45;0;1;0;0;0;1;0;0;0;0;1
Intel(R) Data Center GPU Max 1550 [0x0bd5];3;28;45;26;30000;4969.9;31;28;1;1;45;-2;0;0;0;0;1;0;2;0;0;1
Intel(R) Data Center GPU Max 1550 [0x0bd5];3;28;45;28;30000;1880.6;14;8;1;23;45;1;0;0;0;0;1;0;0;0;0;1
Intel(R) Data Center GPU Max 1550 [0x0bd5];3;28;45;32;30000;1825.9;6;16;1;13;45;1;-1;0;0;0;1;0;2;0;0;1
Intel(R) Data Center GPU Max 1550 [0x0bd5];3;28;45;45;30000;2252.9;10;28;1;6;45;-1;-1;0;0;0;1;0;0;0;0;1
Intel(R) Data Center GPU Max 1550 [0x0bd5];3;29;14;14;30000;3226.5;15;29;1;1;29;1;0;0;0;0;1;0;0;0;0;1
Intel(R) Data Center GPU Max 1550 [0x0bd5];3;29;14;16;30000;2161.1;15;29;1;9;29;0;0;0;0;0;1;0;0;2;0;1
Intel(R) Data Center GPU Max 1550 [0x0bd5];3;29;14;29;30000;1743.3;30;8;1;15;29;-2;0;0;0;0;1;0;0;0;0;1
Intel(R) Data Center GPU Max 1550 [0x0bd5];3;29;14;32;30000;1642.5;15;8;1;4;29;-2;0;0;0;0;1;0;0;0;0;1
Intel(R) Data Center GPU Max 1550 [0x0bd5];3;29;16;14;30000;3590.7;15;29;1;1;29;-2;0;0;0;0;1;0;0;0;0;1
Intel(R) Data Center GPU Max 1550 [0x0bd5];3;29;16;16;30000;2088.1;30;8;1;10;29;-1;0;0;0;0;1;0;2;2;0;1
Intel(R) Data Center GPU Max 1550 [0x0bd5];3;29;16;29;30000;1987.6;15;8;1;20;29;0;0;0;0;0;1;0;0;0;0;1
Intel(R) Data Center GPU Max 1550 [0x0bd5];3;29;16;55;30000;1862.1;5;8;1;1;29;0;0;0;0;0;1;0;2;0;0;0
Intel(R) Data Center GPU Max 1550 [0x0bd5];3;29;29;14;30000;4091.1;17;29;1;1;29;0;-1;0;0;0;1;0;0;0;0;1
Intel(R) Data Center GPU Max 1550 [0x0bd5];3;29;29;16;30000;3703.4;15;29;1;3;29;0;0;0;1;0;1;0;2;2;0;1
Intel(R) Data Center GPU Max 1550 [0x0bd5];3;29;29;29;30000;4775.3;16;29;1;1;29;-1;0;0;0;0;1;0;0;0;0;1
Intel(R) Data Center GPU Max 1550 [0x0bd5];3;29;29;32;30000;4707.5;15;29;1;1;29;0;1;0;0;0;1;0;0;0;0;1
Intel(R) Data Center GPU Max 1550 [0x0bd5];3;29;29;55;30000;771.6;30;16;1;27;29;1;-1;0;0;0;1;0;0;0;0;1
Intel(R) Data Center GPU Max 1550 [0x0bd5];3;29;32;14;30000;4468.1;16;29;1;1;32;-2;-1;0;0;0;1;0;2;0;0;1
Intel(R) Data Center GPU Max 1550 [0x0bd5];3;29;32;29;30000;2917.4;15;29;1;28;32;0;1;0;0;0;1;0;2;2;0;1
Intel(R) Data Center GPU Max 1550 [0x0bd5];3;29;32;32;30000;5059.9;15;29;1;1;32;1;1;0;0;0;1;0;2;0;0;1
Intel(R) Data Center GPU Max 1550 [0x0bd5];3;29;32;55;30000;2070.6;5;16;1;1;32;0;3;0;0;0;1;0;2;0;0;0
Intel(R) Data Center GPU Max 1550 [0x0bd5];3;29;55;16;30000;1988.5;11;8;1;7;55;0;0;0;0;0;1;0;2;0;0;1
Intel(R) Data Center GPU Max 1550 [0x0bd5];3;29;55;29;30000;1852.6;8;8;1;21;55;-2;0;0;0;0;1;0;0;0;0;1
Intel(R) Data Center GPU Max 1550 [0x0bd5];3;29;55;32;30000;1862.4;6;8;1;14;55;0;0;0;0;0;1;0;0;0;0;1
Intel(R) Data Center GPU Max 1550 [0x0bd5];3;29;55;55;30000;1871.2;30;16;1;1;55;-1;3;0;0;0;1;0;2;0;0;0
Intel(R) Data Center GPU Max 1550 [0x0bd5];3;30;30;30;30000;1993.9;10;8;1;14;30;1;0;0;0;0;1;0;0;0;0;1
Intel(R) Data Center GPU Max 1550 [0x0bd5];3;30;30;76;30000;1856.3;30;8;1;1;30;0;1;0;0;0;1;0;2;0;0;0
Intel(R) Data Center GPU Max 1550 [0x0bd5];3;30;76;30;30000;1981.7;23;8;1;18;76;0;0;0;0;0;1;0;0;0;0;1
Intel(R) Data Center GPU Max 1550 [0x0bd5];3;30;76;76;30000;1860.7;4;8;1;1;76;-2;2;0;0;0;1;0;2;0;0;0
Intel(R) Data Center GPU Max 1550 [0x0bd5];3;32;4;4;30000;806.0;15;8;1;8;32;1;0;0;0;0;1;0;0;0;0;1
Intel(R) Data Center GPU Max 1550 [0x0bd5];3;32;4;5;30000;850.8;13;8;1;9;1;0;0;0;0;0;1;0;2;2;0;0
Intel(R) Data Center GPU Max 1550 [0x0bd5];3;32;4;7;30000;1239.8;15;8;1;10;32;-2;0;0;0;0;1;0;0;2;0;1
Intel(R) Data Center GPU Max 1550 [0x0bd5];3;32;4;9;30000;1358.4;15;8;1;23;32;-2;0;0;0;0;1;0;2;0;0;1
Intel(R) Data Center GPU Max 1550 [0x0bd5];3;32;4;13;30000;1545.5;15;8;1;20;32;-2;1;0;0;0;1;0;2;2;0;1
Intel(R) Data Center GPU Max 1550 [0x0bd5];3;32;4;17;30000;1638.4;15;8;1;9;32;-1;4;0;0;0;1;0;0;2;0;1
Intel(R) Data Center GPU Max 1550 [0x0bd5];3;32;4;25;30000;1785.3;15;8;1;25;32;-2;0;0;0;0;1;0;2;2;0;1
Intel(R) Data Center GPU Max 1550 [0x0bd5];3;32;4;26;30000;1595.1;15;8;1;14;32;-1;0;0;0;0;1;0;2;0;0;1
Intel(R) Data Center GPU Max 1550 [0x0bd5];3;32;4;28;30000;1760.9;15;8;1;32;32;-2;0;0;0;0;1;0;0;2;0;1
Intel(R) Data Center GPU Max 1550 [0x0bd5];3;32;4;32;30000;1388.6;15;8;1;28;32;0;-2;0;0;0;1;0;0;0;0;1
Intel(R) Data Center GPU Max 1550 [0x0bd5];3;32;4;45;30000;1498.4;8;8;1;1;32;-1;-2;0;0;0;1;0;2;0;0;0
Intel(R) Data Center GPU Max 1550 [0x0bd5];3;32;5;4;30000;962.7;15;8;1;28;1;1;0;0;0;0;1;0;2;2;0;0
Intel(R) Data Center GPU Max 1550 [0x0bd5];3;32;5;5;30000;1044.7;15;8;1;19;32;0;0;0;0;0;1;0;0;2;0;0
Intel(R) Data Center GPU Max 1550 [0x0bd5];3;32;5;7;30000;1195.1;15;16;1;24;32;1;0;0;0;0;1;0;2;2;0;1
Intel(R) Data Center GPU Max 1550 [0x0bd5];3;32;5;9;30000;1354.0;15;16;1;3;32;-2;-1;0;0;0;1;0;2;0;0;1
Intel(R) Data Center GPU Max 1550 [0x0bd5];3;32;5;13;30000;1582.0;15;8;1;15;32;1;1;0;0;0;1;0;0;0;0;1
Intel(R) Data Center GPU Max 1550 [0x0bd5];3;32;5;17;30000;1258.7;8;8;1;31;1;-1;0;0;0;0;1;0;0;2;0;0
Intel(R) Data Center GPU Max 1550 [0x0bd5];3;32;5;24;30000;1710.1;15;8;1;15;32;1;0;0;0;0;1;0;0;2;0;1
Intel(R) Data Center GPU Max 1550 [0x0bd5];3;32;5;25;30000;1707.1;15;8;1;23;32;-1;0;0;0;0;1;0;2;2;0;1
Intel(R) Data Center GPU Max 1550 [0x0bd5];3;32;5;26;30000;1699.6;15;8;1;16;32;-2;0;0;0;0;1;0;0;2;0;1
Intel(R) Data Center GPU Max 1550 [0x0bd5];3;32;5;28;30000;1540.4;15;8;1;3;32;1;-1;0;0;0;1;0;0;0;0;1
Intel(R) Data Center GPU Max 1550 [0x0bd5];3;32;5;32;30000;1515.1;8;8;1;1;1;-2;4;0;0;0;1;0;2;0;0;0
Intel(R) Data Center GPU Max 1550 [0x0bd5];3;32;5;45;30000;1592.0;8;8;1;1;32;1;4;0;0;0;1;0;2;0;0;0
Intel(R) Data Center GPU Max 1550 [0x0bd5];3;32;7;4;30000;1146.3;15;16;1;13;32;0;0;0;0;0;1;0;2;2;0;1
Intel(R) Data Center GPU Max 1550 [0x0bd5];3;32;7;5;30000;1329.5;15;16;1;6;32;1;1;0;0;0;1;0;2;0;0;1
Intel(R) Data Center GPU Max 1550 [0x0bd5];3;32;7;7;30000;1510.0;15;16;1;5;32;-1;0;0;0;0;1;0;2;2;0;1
Intel(R) Data Center GPU Max 1550 [0x0bd5];3;32;7;9;30000;1733.3;15;16;1;31;32;1;1;0;0;0;1;0;2;0;0;1
Intel(R) Data Center GPU Max 1550 [0x0bd5];3;32;7;13;30000;1865.1;15;8;1;23;32;1;1;0;0;0;1;0;0;0;0;1
Intel(R) Data Center GPU Max 1550 [0x0bd5];3;32;7;25;30000;2021.8;15;8;1;28;32;-1;0;0;0;0;1;0;2;2;0;1
Intel(R) Data Center GPU Max 1550 [0x0bd5];3;32;7;26;30000;1965.3;15;8;1;7;32;1;0;0;0;0;1;0;0;2;0;1
Intel(R) Data Center GPU Max 1550 [0x0bd5];3;32;7;28;30000;1994.3;15;8;1;30;32;-1;0;0;0;0;1;0;0;2;0;1
Intel(R) Data Center GPU Max 1550 [0x0bd5];3;32;7;32;30000;1540.3;15;8;1;1;32;-1;1;0;0;0;1;0;0;0;0;1
Intel(R) Data Center GPU Max 1550 [0x0bd5];3;32;7;45;30000;1944.5;8;8;1;1;32;1;4;0;0;0;1;0;2;0;0;0
Intel(R) Data Center GPU Max 1550 [0x0bd5];3;32;9;4;30000;1250.4;25;8;1;18;32;0;0;0;0;0;1;0;0;0;0;0
Intel(R) Data Center GPU Max 1550 [0x0bd5];3;32;9;5;30000;1365.7;16;16;1;22;32;0;1;0;0;0;1;0;2;0;0;1
Intel(R) Data Center GPU Max 1550 [0x0bd5];3;32;9;7;30000;1536.9;15;16;1;16;32;0;-1;0;0;0;1;0;0;0;0;1
Intel(R) Data Center GPU Max 1550 [0x0bd5];3;32;9;9;30000;1735.2;15;16;1;17;32;0;0;0;0;0;1;0;2;0;0;1
Intel(R) Data Center GPU Max 1550 [0x0bd5];3;32;9;13;30000;1764.7;14;8;1;16;32;-1;-1;0;0;0;1;0;0;0;0;1
Intel(R) Data Center GPU Max 1550 [0x0bd5];3;32;9;22;30000;1994.7;15;8;1;24;32;1;0;0;0;0;1;0;0;2;0;1
Intel(R) Data Center GPU Max 1550 [0x0bd5];3;32;9;25;30000;1979.2;15;8;1;24;32;-1;0;0;0;0;1;0;0;2;0;1
Intel(R) Data Center GPU Max 1550 [0x0bd5];3;32;9;26;30000;1890.0;7;8;1;16;32;0;1;0;0;0;1;0;2;2;0;1
Intel(R) Data Center GPU Max 1550 [0x0bd5];3;32;9;28;30000;1854.6;9;8;1;24;32;0;4;0;0;0;1;0;0;2;0;1
Intel(R) Data Center GPU Max 1550 [0x0bd5];3;32;9;32;30000;1562.9;6;8;1;1;32;1;1;0;0;0;1;0;2;0;0;0
Intel(R) Data Center GPU Max 1550 [0x0bd5];3;32;9;45;30000;1635.7;3;8;1;1;32;-2;-2;0;0;0;1;0;2;0;0;0
Intel(R) Data Center GPU Max 1550 [0x0bd5];3;32;13;4;30000;1531.9;25;8;1;29;1;0;-2;0;0;0;1;0;2;2;0;0
Intel(R) Data Center GPU Max 1550 [0x0bd5];3;32;13;5;30000;1675.4;25;8;1;20;1;0;0;0;0;0;1;0;2;0;0;0
Intel(R) Data Center GPU Max 1550 [0x0bd5];3;32;13;7;30000;1957.9;15;8;1;1;32;0;-1;0;0;0;1;0;1;2;0;0
Intel(R) Data Center GPU Max 1550 [0x0bd5];3;32;13;9;30000;2091.1;15;16;1;5;32;0;0;0;0;0;1;0;2;2;0;1
Intel(R) Data Center GPU Max 1550 [0x0bd5];3;32;13;13;30000;2012.2;15;8;1;1;1;1;4;0;0;0;1;0;2;0;0;0
Intel(R) Data Center GPU Max 1550 [0x0bd5];3;32;13;14;30000;2335.5;30;8;1;14;32;-1;1;0;0;0;1;0;2;0;0;1
Intel(R) Data Center GPU Max 1550 [0x0bd5];3;32;13;17;30000;1850.2;15;8;1;11;1;0;1;0;0;0;1;0;0;2;0;0
Intel(R) Data Center GPU Max 1550 [0x0bd5];3;32;13;24;30000;2544.6;30;8;1;29;32;-1;0;0;0;0;1;0;0;2;0;1
Intel(R) Data Center GPU Max 1550 [0x0bd5];3;32;13;25;30000;2493.7;30;8;1;22;32;-2;0;0;0;0;1;0;2;0;0;1
Intel(R) Data Center GPU Max 1550 [0x0bd5];3;32;13;26;30000;2421.0;30;8;1;26;32;0;1;0;0;0;1;0;2;2;0;1
Intel(R) Data Center GPU Max 1550 [0x0bd5];3;32;13;28;30000;2481.7;30;8;1;29;32;0;0;0;0;0;1;0;0;2;0;1
Intel(R) Data Center GPU Max 1550 [0x0bd5];3;32;13;32;30000;2196.9;15;32;1;1;1;-2;4;0;0;0;1;0;2;0;0;0
Intel(R) Data Center GPU Max 1550 [0x0bd5];3;32;13;45;30000;2131.0;15;8;1;1;32;-2;-2;0;0;0;1;0;2;0;0;0
Intel(R) Data Center GPU Max 1550 [0x0bd5];3;32;14;13;30000;2477.2;30;8;1;10;32;1;4;0;0;0;1;0;0;0;0;1
Intel(R) Data Center GPU Max 1550 [0x0bd5];3;32;14;14;30000;1981.1;15;8;1;6;32;1;0;0;0;0;1;0;0;2;0;0
Intel(R) Data Center GPU Max 1550 [0x0bd5];3;32;14;25;30000;2653.8;30;8;1;9;32;-2;0;0;0;0;1;0;2;0;0;1
Intel(R) Data Center GPU Max 1550 [0x0bd5];3;32;14;26;30000;2575.7;30;8;1;12;32;0;0;0;0;0;1;0;0;2;0;1
Intel(R) Data Center GPU Max 1550 [0x0bd5];3;32;14;29;30000;2449.6;30;8;1;9;32;0;1;0;0;0;1;0;0;2;0;1
Intel(R) Data Center GPU Max 1550 [0x0bd5];3;32;14;32;30000;2207.8;16;8;1;1;32;-2;1;0;0;0;1;0;2;0;0;0
Intel(R) Data Center GPU Max 1550 [0x0bd5];3;32;17;4;30000;1707.7;30;16;1;10;32;0;0;0;0;0;1;0;2;2;0;0
Intel(R) Data Center GPU Max 1550 [0x0bd5];3;32;17;5;30000;1831.6;30;8;1;18;32;0;-2;0;0;0;1;0;2;0;0;0
Intel(R) Data Center GPU Max 1550 [0x0bd5];3;32;17;13;30000;2787.4;15;32;1;1;32;-1;0;0;0;0;1;0;2;0;0;1
Intel(R) Data Center GPU Max 1550 [0x0bd5];3;32;17;17;30000;2976.8;15;32;1;1;1;-2;0;0;0;0;1;0;0;0;0;1
Intel(R) Data Center GPU Max 1550 [0x0bd5];3;32;17;32;30000;2061.6;6;8;1;1;1;1;0;0;0;0;1;0;0;0;0;0
Intel(R) Data Center GPU Max 1550 [0x0bd5];3;32;20;5;30000;2119.5;30;8;1;10;32;0;1;0;0;0;1;0;2;2;0;0
Intel(R) Data Center GPU Max 1550 [0x0bd5];3;32;20;6;30000;2301.3;30;8;1;23;32;1;1;0;0;0;1;0;2;2;0;0
Intel(R) Data Center GPU Max 1550 [0x0bd5];3;32;20;13;30000;3000.8;15;32;1;3;32;0;0;0;0;0;1;0;2;0;0;1
Intel(R) Data Center GPU Max 1550 [0x0bd5];3;32;20;20;30000;3511.9;15;32;1;1;32;-1;-2;0;0;0;1;0;0;0;0;1
Intel(R) Data Center GPU Max 1550 [0x0bd5];3;32;20;32;30000;2494.0;6;8;1;1;32;-2;0;0;0;0;1;0;0;0;0;0
Intel(R) Data Center GPU Max 1550 [0x0bd5];3;32;22;9;30000;2314.5;15;16;1;2;32;0;0;0;0;0;1;0;2;2;0;1
Intel(R) Data Center GPU Max 1550 [0x0bd5];3;32;22;22;30000;2712.1;26;8;1;15;32;1;0;0;0;0;1;0;2;2;0;1
Intel(R) Data Center GPU Max 1550 [0x0bd5];3;32;22;32;30000;2341.1;12;8;1;1;32;-1;1;0;0;0;1;0;2;0;0;0
Intel(R) Data Center GPU Max 1550 [0x0bd5];3;32;24;5;30000;2140.5;30;8;1;27;32;0;0;0;0;0;1;0;2;0;0;0
Intel(R) Data Center GPU Max 1550 [0x0bd5];3;32;24;13;30000;3422.0;15;32;1;3;32;0;0;0;0;0;1;0;2;2;0;1
Intel(R) Data Center GPU Max 1550 [0x0bd5];3;32;24;24;30000;3090.4;13;8;1;7;32;-2;0;0;0;0;1;0;0;2;0;1
Intel(R) Data Center GPU Max 1550 [0x0bd5];3;32;24;26;30000;2830.1;12;8;1;1;32;-1;-1;0;0;0;1;0;0;0;0;0
Intel(R) Data Center GPU Max 1550 [0x0bd5];3;32;24;32;30000;2875.8;12;8;1;1;1;-1;0;0;0;0;1;0;0;0;0;0
Intel(R) Data Center GPU Max 1550 [0x0bd5];3;32;25;4;30000;1885.7;30;8;1;26;32;-1;0;0;0;0;1;0;0;2;0;0
Intel(R) Data Center GPU Max 1550 [0x0bd5];3;32;25;5;30000;2151.5;31;16;1;29;32;-2;0;0;0;0;1;0;2;0;0;1
Intel(R) Data Center GPU Max 1550 [0x0bd5];3;32;25;7;30000;2339.4;30;16;1;28;32;0;0;0;0;0;1;0;0;2;0;1
Intel(R) Data Center GPU Max 1550 [0x0bd5];3;32;25;9;30000;2639.0;30;32;1;18;32;1;2;0;0;0;1;0;2;0;0;1
Intel(R) Data Center GPU Max 1550 [0x0bd5];3;32;25;13;30000;3402.0;15;32;1;3;32;0;0;0;0;0;1;0;2;2;0;1
Intel(R) Data Center GPU Max 1550 [0x0bd5];3;32;25;14;30000;2869.4;30;8;1;23;32;0;3;0;0;0;1;0;0;2;0;1
Intel(R) Data Center GPU Max 1550 [0x0bd5];3;32;25;25;30000;2976.5;30;16;1;28;32;0;2;0;0;0;1;0;2;2;0;1
Intel(R) Data Center GPU Max 1550 [0x0bd5];3;32;25;26;30000;2627.7;12;8;1;2;32;0;0;0;0;0;1;0;2;2;0;1
Intel(R) Data Center GPU Max 1550 [0x0bd5];3;32;25;28;30000;2702.2;12;8;1;9;32;0;1;0;0;0;1;0;0;2;0;1
Intel(R) Data Center GPU Max 1550 [0x0bd5];3;32;25;32;30000;1945.6;30;16;1;1;32;0;0;0;0;0;1;0;2;2;0;1
Intel(R) Data Center GPU Max 1550 [0x0bd5];3;32;25;45;30000;2201.5;17;32;1;8;32;0;-1;0;0;0;1;0;2;0;0;1
Intel(R) Data Center GPU Max 1550 [0x0bd5];3;32;26;4;30000;1901.2;30;8;1;26;32;-1;0;0;0;0;1;0;0;2;0;0
Intel(R) Data Center GPU Max 1550 [0x0bd5];3;32;26;5;30000;2225.0;30;16;1;4;32;0;0;0;0;0;1;0;0;0;0;1
Intel(R) Data Center GPU Max 1550 [0x0bd5];3;32;26;7;30000;2462.3;30;16;1;27;32;0;0;0;0;0;1;0;2;2;0;1
Intel(R) Data Center GPU Max 1550 [0x0bd5];3;32;26;9;30000;2901.9;15;32;1;32;32;-1;0;0;0;0;1;0;2;2;0;1
Intel(R) Data Center GPU Max 1550 [0x0bd5];3;32;26;13;30000;3487.2;15;32;1;3;32;0;0;0;0;0;1;0;2;2;0;1
Intel(R) Data Center GPU Max 1550 [0x0bd5];3;32;26;14;30000;3501.6;15;32;1;3;32;0;0;0;0;0;1;0;0;0;0;1
Intel(R) Data Center GPU Max 1550 [0x0bd5];3;32;26;24;30000;3119.8;30;8;1;30;32;0;3;0;0;0;1;0;2;2;0;1
Intel(R) Data Center GPU Max 1550 [0x0bd5];3;32;26;25;30000;3085.5;30;8;1;12;32;1;0;0;0;0;1;0;0;2;0;1
Intel(R) Data Center GPU Max 1550 [0x0bd5];3;32;26;26;30000;2872.9;30;8;1;12;1;0;0;0;0;0;1;0;2;2;0;1
Intel(R) Data Center GPU Max 1550 [0x0bd5];3;32;26;28;30000;2840.4;10;8;1;21;32;1;0;0;0;0;1;0;0;2;0;1
Intel(R) Data Center GPU Max 1550 [0x0bd5];3;32;26;32;30000;2420.9;6;8;1;1;32;-1;4;0;0;0;1;0;0;0;0;0
Intel(R) Data Center GPU Max 1550 [0x0bd5];3;32;26;45;30000;2194.3;5;8;1;1;32;-1;0;0;0;0;1;0;0;0;0;0
Intel(R) Data Center GPU Max 1550 [0x0bd5];3;32;28;4;30000;2062.0;32;8;1;4;32;-2;1;0;0;0;1;0;2;2;0;0
Intel(R) Data Center GPU Max 1550 [0x0bd5];3;32;28;5;30000;2313.1;31;16;1;30;32;-1;0;0;0;0;1;0;2;2;0;1
Intel(R) Data Center GPU Max 1550 [0x0bd5];3;32;28;7;30000;2550.7;30;16;1;32;32;-2;-1;0;0;0;1;0;0;0;0;1
Intel(R) Data Center GPU Max 1550 [0x0bd5];3;32;28;9;30000;2892.1;30;16;1;14;32;1;0;0;0;0;1;0;2;2;0;1
Intel(R) Data Center GPU Max 1550 [0x0bd5];3;32;28;13;30000;3005.6;59;8;1;28;32;-2;0;0;0;0;1;0;0;0;0;1
Intel(R) Data Center GPU Max 1550 [0x0bd5];3;32;28;25;30000;3137.9;15;8;1;1;32;0;3;0;0;0;1;0;2;2;0;1
Intel(R) Data Center GPU Max 1550 [0x0bd5];3;32;28;26;30000;3076.7;31;16;1;32;32;0;-2;0;0;0;1;0;0;2;0;1
Intel(R) Data Center GPU Max 1550 [0x0bd5];3;32;28;28;30000;3149.2;12;8;1;15;32;0;4;0;0;0;1;0;2;2;0;1
Intel(R) Data Center GPU Max 1550 [0x0bd5];3;32;28;32;30000;2637.0;6;8;1;1;32;-2;1;0;0;0;1;0;0;0;0;0
Intel(R) Data Center GPU Max 1550 [0x0bd5];3;32;28;45;30000;2729.0;15;32;1;8;32;-2;-1;0;0;0;1;0;2;0;0;1
Intel(R) Data Center GPU Max 1550 [0x0bd5];3;32;29;14;30000;3115.4;59;8;1;22;32;-1;1;0;0;0;1;0;2;0;0;1
Intel(R) Data Center GPU Max 1550 [0x0bd5];3;32;29;29;30000;2951.6;59;8;1;3;32;0;4;0;0;0;1;0;0;2;0;1
Intel(R) Data Center GPU Max 1550 [0x0bd5];3;32;29;32;30000;2659.6;30;8;1;1;32;0;1;0;0;0;1;0;2;0;0;0
Intel(R) Data Center GPU Max 1550 [0x0bd5];3;32;29;55;30000;2236.2;30;8;1;1;32;-2;1;0;0;0;1;0;2;0;0;0
Intel(R) Data Center GPU Max 1550 [0x0bd5];3;32;32;4;30000;2182.4;28;32;1;1;32;0;0;0;0;0;1;0;2;0;0;1
Intel(R) Data Center GPU Max 1550 [0x0bd5];3;32;32;5;30000;2459.3;31;32;1;1;32;0;1;0;0;0;1;0;2;0;0;1
Intel(R) Data Center GPU Max 1550 [0x0bd5];3;32;32;6;30000;2570.1;31;16;1;31;32;-2;0;0;0;0;1;0;0;0;0;1
Intel(R) Data Center GPU Max 1550 [0x0bd5];3;32;32;7;30000;2709.8;30;32;1;17;32;0;3;0;0;0;1;0;0;2;0;1
Intel(R) Data Center GPU Max 1550 [0x0bd5];3;32;32;9;30000;3595.4;15;32;1;1;32;1;1;0;0;0;1;0;0;0;0;1
Intel(R) Data Center GPU Max 1550 [0x0bd5];3;32;32;13;30000;4410.3;15;32;1;1;32;1;1;0;0;0;1;0;2;0;0;1
Intel(R) Data Center GPU Max 1550 [0x0bd5];3;32;32;14;30000;4103.5;15;32;1;3;32;0;0;0;0;0;1;0;0;0;0;1
Intel(R) Data Center GPU Max 1550 [0x0bd5];3;32;32;17;30000;4901.3;15;32;1;1;32;-1;1;0;0;0;1;0;0;0;0;1
Intel(R) Data Center GPU Max 1550 [0x0bd5];3;32;32;20;30000;5143.9;15;32;1;1;32;-1;1;0;0;0;1;0;0;0;0;1
Intel(R) Data Center GPU Max 1550 [0x0bd5];3;32;32;22;30000;3853.1;15;32;1;6;1;0;0;0;0;0;1;0;2;0;0;1
Intel(R) Data Center GPU Max 1550 [0x0bd5];3;32;32;24;30000;5349.3;15;32;1;1;32;0;1;0;0;0;1;0;0;0;0;1
Intel(R) Data Center GPU Max 1550 [0x0bd5];3;32;32;25;30000;3249.7;30;16;1;20;32;0;2;0;0;0;1;0;2;2;0;1
Intel(R) Data Center GPU Max 1550 [0x0bd5];3;32;32;26;30000;3161.8;30;16;1;19;32;0;-2;0;0;0;1;0;2;2;0;1
Intel(R) Data Center GPU Max 1550 [0x0bd5];3;32;32;28;30000;3162.4;15;16;1;12;32;-1;0;0;0;0;1;0;2;2;0;1
Intel(R) Data Center GPU Max 1550 [0x0bd5];3;32;32;29;30000;2964.0;59;8;1;7;32;-1;1;0;0;0;1;0;0;2;0;1
Intel(R) Data Center GPU Max 1550 [0x0bd5];3;32;32;32;30000;5283.1;15;32;1;1;32;-2;0;0;0;0;1;0;2;0;0;1
Intel(R) Data Center GPU Max 1550 [0x0bd5];3;32;32;45;30000;4820.4;15;32;1;1;32;0;1;0;0;0;1;0;0;0;0;1
Intel(R) Data Center GPU Max 1550 [0x0bd5];3;32;32;55;30000;4392.7;8;32;1;1;32;-2;1;0;0;0;1;0;0;0;0;1
Intel(R) Data Center GPU Max 1550 [0x0bd5];3;32;45;4;30000;1939.7;61;8;1;24;45;-1;0;0;0;0;1;0;2;0;0;0
Intel(R) Data Center GPU Max 1550 [0x0bd5];3;32;45;5;30000;2137.9;28;16;1;11;45;-1;3;0;0;0;1;0;2;0;0;1
Intel(R) Data Center GPU Max 1550 [0x0bd5];3;32;45;7;30000;2404.3;28;16;1;29;45;0;0;0;0;0;1;0;2;2;0;1
Intel(R) Data Center GPU Max 1550 [0x0bd5];3;32;45;9;30000;2641.3;28;16;1;5;45;0;0;0;0;0;1;0;2;0;0;1
Intel(R) Data Center GPU Max 1550 [0x0bd5];3;32;45;13;30000;3189.3;30;32;1;32;45;0;-1;0;0;0;1;0;2;0;0;1
Intel(R) Data Center GPU Max 1550 [0x0bd5];3;32;45;25;30000;2985.0;33;8;1;29;45;1;0;0;0;0;1;0;2;2;0;1
Intel(R) Data Center GPU Max 1550 [0x0bd5];3;32;45;26;30000;2935.9;17;8;1;13;45;0;2;0;0;0;1;0;0;2;0;1
Intel(R) Data Center GPU Max 1550 [0x0bd5];3;32;45;28;30000;2922.0;16;8;1;21;45;0;0;0;0;0;1;0;0;2;0;1
Intel(R) Data Center GPU Max 1550 [0x0bd5];3;32;45;32;30000;2052.1;17;16;1;1;45;-2;0;0;0;0;1;0;2;0;0;1
Intel(R) Data Center GPU Max 1550 [0x0bd5];3;32;45;45;30000;2008.6;1;32;1;29;45;0;0;0;0;0;1;0;0;0;0;1
Intel(R) Data Center GPU Max 1550 [0x0bd5];3;32;55;29;30000;3038.7;20;8;1;2;55;0;0;0;0;0;1;0;2;2;0;1
Intel(R) Data Center GPU Max 1550 [0x0bd5];3;32;55;32;30000;2240.2;18;8;1;1;55;-1;1;0;0;0;1;0;0;0;0;0
Intel(R) Data Center GPU Max 1550 [0x0bd5];3;32;55;55;30000;2117.7;5;16;1;1;55;-2;0;0;0;0;1;0;2;0;0;0
Intel(R) Data Center GPU Max 1550 [0x0bd5];3;35;17;17;30000;1660.0;10;8;1;3;35;1;0;0;0;0;1;0;2;0;0;1
Intel(R) Data Center GPU Max 1550 [0x0bd5];3;35;17;32;30000;1623.9;8;8;1;25;1;-1;4;0;0;0;1;0;0;0;0;1
Intel(R) Data Center GPU Max 1550 [0x0bd5];3;35;32;35;30000;4363.9;9;35;1;1;35;0;-2;0;0;0;1;0;0;0;0;1
Intel(R) Data Center GPU Max 1550 [0x0bd5];3;35;35;32;30000;1870.5;8;8;1;12;35;0;0;0;0;0;1;0;0;0;0;1
Intel(R) Data Center GPU Max 1550 [0x0bd5];3;35;35;35;30000;1666.9;6;8;1;18;1;0;0;0;0;0;1;0;0;2;0;1
Intel(R) Data Center GPU Max 1550 [0x0bd5];3;36;36;36;30000;3714.4;10;36;1;1;36;0;1;0;0;0;1;0;0;0;0;1
Intel(R) Data Center GPU Max 1550 [0x0bd5];3;40;40;40;30000;2720.7;18;8;1;1;1;1;-2;0;0;0;1;0;0;0;0;0
Intel(R) Data Center GPU Max 1550 [0x0bd5];3;45;4;4;30000;773.3;19;8;1;16;45;0;0;0;0;0;1;0;0;2;0;1
Intel(R) Data Center GPU Max 1550 [0x0bd5];3;45;7;45;30000;710.7;1;45;1;15;45;-2;-1;0;0;0;1;0;0;0;0;1
Intel(R) Data Center GPU Max 1550 [0x0bd5];3;45;9;45;30000;791.2;10;8;1;5;45;-1;0;0;0;0;1;0;0;0;0;1
Intel(R) Data Center GPU Max 1550 [0x0bd5];3;45;13;13;30000;1538.8;10;8;1;23;45;0;0;0;0;0;1;0;0;2;0;1
Intel(R) Data Center GPU Max 1550 [0x0bd5];3;45;13;25;30000;1728.2;7;8;1;18;45;0;0;0;0;0;1;0;0;2;0;1
Intel(R) Data Center GPU Max 1550 [0x0bd5];3;45;13;26;30000;1718.1;7;8;1;5;45;-1;0;0;0;0;1;0;2;0;0;1
Intel(R) Data Center GPU Max 1550 [0x0bd5];3;45;13;28;30000;1613.8;7;8;1;11;45;1;0;0;0;0;1;0;2;0;0;1
Intel(R) Data Center GPU Max 1550 [0x0bd5];3;45;13;32;30000;1664.2;7;8;1;40;45;0;-2;0;0;0;1;0;0;0;0;1
Intel(R) Data Center GPU Max 1550 [0x0bd5];3;45;13;45;30000;886.4;23;8;1;20;45;-2;-1;0;0;0;1;0;2;0;0;1
Intel(R) Data Center GPU Max 1550 [0x0bd5];3;45;25;13;30000;1947.9;16;8;1;17;45;-1;0;0;0;0;1;0;0;0;0;1
Intel(R) Data Center GPU Max 1550 [0x0bd5];3;45;25;25;30000;1969.6;11;8;1;26;45;0;0;0;0;0;1;0;2;0;0;1
Intel(R) Data Center GPU Max 1550 [0x0bd5];3;45;25;26;30000;1944.2;10;8;1;19;45;-2;0;0;0;0;1;0;2;0;0;1
Intel(R) Data Center GPU Max 1550 [0x0bd5];3;45;25;28;30000;1901.6;16;8;1;33;45;0;0;0;0;0;1;0;0;0;0;1
Intel(R) Data Center GPU Max 1550 [0x0bd5];3;45;25;32;30000;1879.1;16;8;1;6;45;-1;0;0;0;0;1;0;0;0;0;1
Intel(R) Data Center GPU Max 1550 [0x0bd5];3;45;25;45;30000;2012.3;1;45;1;36;45;1;0;0;0;0;1;0;0;2;0;1
Intel(R) Data Center GPU Max 1550 [0x0bd5];3;45;26;13;30000;1881.3;27;8;1;21;45;1;0;0;0;0;1;0;0;0;0;1
Intel(R) Data Center GPU Max 1550 [0x0bd5];3;45;26;25;30000;1975.2;20;8;1;5;45;0;0;0;0;0;1;0;0;0;0;1
Intel(R) Data Center GPU Max 1550 [0x0bd5];3;45;26;26;30000;1952.3;20;8;1;44;45;-1;0;0;0;0;1;0;2;2;0;1
Intel(R) Data Center GPU Max 1550 [0x0bd5];3;45;26;28;30000;1877.8;40;8;1;37;45;0;0;0;0;0;1;0;0;0;0;1
Intel(R) Data Center GPU Max 1550 [0x0bd5];3;45;26;32;30000;1930.4;27;8;1;8;45;-2;0;0;0;0;1;0;0;0;0;1
Intel(R) Data Center GPU Max 1550 [0x0bd5];3;45;26;45;30000;3486.3;9;45;1;1;45;0;1;0;0;0;1;0;0;0;0;1
Intel(R) Data Center GPU Max 1550 [0x0bd5];3;45;28;13;30000;1847.0;26;8;1;1;45;0;0;0;0;0;1;0;2;0;0;0
Intel(R) Data Center GPU Max 1550 [0x0bd5];3;45;28;25;30000;1904.6;10;8;1;25;45;0;0;0;0;0;1;0;0;0;0;1
Intel(R) Data Center GPU Max 1550 [0x0bd5];3;45;28;26;30000;1879.3;9;8;1;43;45;0;-1;0;0;0;1;0;0;0;0;1
Intel(R) Data Center GPU Max 1550 [0x0bd5];3;45;28;28;30000;1864.8;16;8;1;34;45;0;0;0;0;0;1;0;2;0;0;1
Intel(R) Data Center GPU Max 1550 [0x0bd5];3;45;28;32;30000;1845.0;9;8;1;28;45;0;1;0;0;0;1;0;0;0;0;1
Intel(R) Data Center GPU Max 1550 [0x0bd5];3;45;28;45;30000;2081.1;1;45;1;13;45;-2;-2;0;0;0;1;0;0;0;0;1
Intel(R) Data Center GPU Max 1550 [0x0bd5];3;45;32;13;30000;2079.4;16;8;1;23;45;-1;0;0;0;0;1;0;0;2;0;1
Intel(R) Data Center GPU Max 1550 [0x0bd5];3;45;32;25;30000;2074.1;14;8;1;11;45;0;0;0;0;0;1;0;0;2;0;1
Intel(R) Data Center GPU Max 1550 [0x0bd5];3;45;32;26;30000;2089.4;8;8;1;2;45;-2;0;0;0;0;1;0;2;2;0;1
Intel(R) Data Center GPU Max 1550 [0x0bd5];3;45;32;28;30000;2251.2;12;45;1;1;45;-1;0;0;0;0;1;0;2;0;0;0
Intel(R) Data Center GPU Max 1550 [0x0bd5];3;45;32;32;30000;2467.2;16;45;1;35;45;-1;1;0;0;0;1;0;2;0;0;1
Intel(R) Data Center GPU Max 1550 [0x0bd5];3;45;32;45;30000;4673.8;20;45;1;1;45;-2;-2;0;0;0;1;0;0;0;0;1
Intel(R) Data Center GPU Max 1550 [0x0bd5];3;45;45;7;30000;1747.6;33;8;1;26;45;1;0;0;0;0;1;0;2;2;0;1
Intel(R) Data Center GPU Max 1550 [0x0bd5];3;45;45;9;30000;1985.6;36;8;1;1;45;0;0;0;0;0;1;0;2;2;0;0
Intel(R) Data Center GPU Max 1550 [0x0bd5];3;45;45;13;30000;2051.7;35;8;1;1;45;0;0;0;0;0;1;0;2;2;0;0
Intel(R) Data Center GPU Max 1550 [0x0bd5];3;45;45;25;30000;1904.9;10;8;1;44;45;0;0;0;0;0;1;0;0;2;0;1
Intel(R) Data Center GPU Max 1550 [0x0bd5];3;45;45;26;30000;1895.3;18;8;1;24;45;0;0;0;0;0;1;0;2;0;0;1
Intel(R) Data Center GPU Max 1550 [0x0bd5];3;45;45;28;30000;1833.7;8;8;1;33;45;-2;0;0;0;0;1;0;0;2;0;1
Intel(R) Data Center GPU Max 1550 [0x0bd5];3;45;45;32;30000;4520.7;15;45;1;1;45;-2;-2;0;0;0;1;0;0;0;0;1
Intel(R) Data Center GPU Max 1550 [0x0bd5];3;45;45;45;30000;2187.1;1;45;1;37;45;-2;1;0;0;0;1;0;2;0;0;1
Intel(R) Data Center GPU Max 1550 [0x0bd5];3;50;20;50;30000;1426.4;3;8;1;1;50;-2;0;0;0;0;1;0;0;0;0;0
Intel(R) Data Center GPU Max 1550 [0x0bd5];3;55;16;16;30000;2137.4;15;8;1;1;55;-2;5;0;0;0;1;0;2;0;0;0
Intel(R) Data Center GPU Max 1550 [0x0bd5];3;55;16;29;30000;1945.4;12;16;1;17;55;1;0;0;0;0;1;0;0;2;0;1
Intel(R) Data Center GPU Max 1550 [0x0bd5];3;55;16;55;30000;1096.3;1;16;1;11;55;-1;0;0;0;0;1;0;2;0;0;1
Intel(R) Data Center GPU Max 1550 [0x0bd5];3;55;29;16;30000;2448.8;16;55;1;12;55;-1;0;0;0;0;1;0;2;0;0;1
Intel(R) Data Center GPU Max 1550 [0x0bd5];3;55;29;29;30000;2204.1;16;55;1;11;55;-1;-1;0;0;0;1;0;2;0;0;1
Intel(R) Data Center GPU Max 1550 [0x0bd5];3;55;29;32;30000;1779.8;7;8;1;25;55;0;7;0;0;0;1;0;0;0;0;1
Intel(R) Data Center GPU Max 1550 [0x0bd5];3;55;29;55;30000;1096.7;1;16;1;42;55;1;-1;0;0;0;1;0;2;0;0;1
Intel(R) Data Center GPU Max 1550 [0x0bd5];3;55;32;29;30000;2377.7;17;55;1;51;55;1;0;0;0;0;1;0;2;2;0;1
Intel(R) Data Center GPU Max 1550 [0x0bd5];3;55;32;32;30000;1884.1;63;16;1;11;55;-2;0;0;0;0;1;0;0;0;0;1
Intel(R) Data Center GPU Max 1550 [0x0bd5];3;55;32;55;30000;1279.2;1;16;1;40;55;-1;-1;0;0;0;1;0;2;0;0;1
Intel(R) Data Center GPU Max 1550 [0x0bd5];3;55;55;16;30000;2662.1;15;55;1;13;55;-1;0;0;1;0;1;0;2;2;0;1
Intel(R) Data Center GPU Max 1550 [0x0bd5];3;55;55;29;30000;2547.6;30;55;1;7;55;-1;0;0;1;0;1;0;2;2;0;1
Intel(R) Data Center GPU Max 1550 [0x0bd5];3;55;55;32;30000;3087.1;12;55;1;1;55;-1;0;0;0;0;1;0;2;0;0;1
Intel(R) Data Center GPU Max 1550 [0x0bd5];3;55;55;55;30000;1995.0;30;55;1;1;55;1;0;0;0;0;1;0;2;0;0;1
Intel(R) Data Center GPU Max 1550 [0x0bd5];3;64;64;64;30000;2195.8;7;8;1;1;64;1;0;0;0;0;1;0;2;0;0;0
Intel(R) Data Center GPU Max 1550 [0x0bd5];3;76;30;30;30000;1894.3;10;16;1;4;76;-1;0;0;0;0;1;0;2;0;0;1
Intel(R) Data Center GPU Max 1550 [0x0bd5];3;76;30;76;30000;1767.6;5;8;1;1;76;1;0;0;0;0;1;0;2;0;0;0
Intel(R) Data Center GPU Max 1550 [0x0bd5];3;76;76;30;30000;1777.8;10;40;1;54;76;0;0;0;0;0;1;0;0;2;0;1
Intel(R) Data Center GPU Max 1550 [0x0bd5];3;76;76;76;30000;967.0;2;16;1;1;76;-1;0;0;0;0;1;0;2;2;0;0
Intel(R) Data Center GPU Max 1550 [0x0bd5];3;78;78;78;30000;1049.0;4;8;1;31;78;1;-1;0;0;0;1;0;0;0;0;0
Intel(R) Data Center GPU Max 1550 [0x0bd5];3;117;9;9;30000;1660.1;13;117;1;17;117;0;14;0;0;0;1;0;0;0;0;1
